Svalbard,12/01/2023 00:26:30,12/01/2023 00:28:55,144.39,-20
Svalbard,12/01/2023 00:26:42,12/01/2023 00:28:44,122.496,-10
Svalbard,12/01/2023 00:27:04,12/01/2023 00:28:22,77.139,0
Svalbard,12/01/2023 02:04:38,12/01/2023 02:06:39,120.566,0
Svalbard,12/01/2023 02:04:42,12/01/2023 02:06:36,113.524,10
Svalbard,12/01/2023 02:04:43,12/01/2023 02:06:34,111.054,-10
Svalbard,12/01/2023 02:04:55,12/01/2023 02:06:23,87.478,20
Svalbard,12/01/2023 02:05:05,12/01/2023 02:06:19,73.642,-20
Svalbard,12/01/2023 03:42:44,12/01/2023 03:45:15,151.305,20
Svalbard,12/01/2023 03:43:28,12/01/2023 03:44:45,77.365,10
Fairbanks,12/01/2023 03:53:00,12/01/2023 03:55:11,131.499,20
Fairbanks,12/01/2023 05:31:03,12/01/2023 05:33:33,149.678,-20
Fairbanks,12/01/2023 05:31:22,12/01/2023 05:33:11,109.208,-10
Punta Arenas,12/01/2023 11:23:17,12/01/2023 11:23:24,6.696,-20
Fairbanks,12/01/2023 13:34:25,12/01/2023 13:36:44,139.076,-20
Fairbanks,12/01/2023 15:12:56,12/01/2023 15:14:49,113.11,20
Fairbanks,12/01/2023 15:13:27,12/01/2023 15:14:24,57.277,10
Svalbard,12/01/2023 17:01:58,12/01/2023 17:03:35,97.053,20
Svalbard,12/01/2023 18:40:14,12/01/2023 18:42:36,141.874,20
Svalbard,12/01/2023 18:40:22,12/01/2023 18:42:28,126.005,10
Svalbard,12/01/2023 18:40:41,12/01/2023 18:42:10,89.4,0
Svalbard,12/01/2023 20:18:32,12/01/2023 20:20:38,125.947,-10
Svalbard,12/01/2023 20:18:34,12/01/2023 20:20:36,122.013,-20
Svalbard,12/01/2023 20:18:38,12/01/2023 20:20:31,112.614,0
Svalbard,12/01/2023 20:18:55,12/01/2023 20:20:14,79.166,10
Punta Arenas,12/01/2023 20:57:32,12/01/2023 20:57:54,22.103,20
Svalbard,12/01/2023 21:56:09,12/01/2023 21:58:38,149.04,-20
Svalbard,12/01/2023 21:56:26,12/01/2023 21:58:20,114.119,-10
Svalbard,12/01/2023 23:33:49,12/01/2023 23:36:19,149.549,-20
Svalbard,12/01/2023 23:34:08,12/01/2023 23:36:00,111.662,-10
Svalbard,12/02/2023 01:11:46,12/02/2023 01:13:55,129.223,-20
Svalbard,12/02/2023 01:11:48,12/02/2023 01:13:54,126.899,-10
Svalbard,12/02/2023 01:11:58,12/02/2023 01:13:45,106.871,0
Svalbard,12/02/2023 01:12:21,12/02/2023 01:13:23,61.453,10
Svalbard,12/02/2023 02:49:51,12/02/2023 02:52:05,133.75,20
Svalbard,12/02/2023 02:49:54,12/02/2023 02:52:01,127.467,10
Svalbard,12/02/2023 02:50:12,12/02/2023 02:51:48,96.106,0
Svalbard,12/02/2023 02:50:32,12/02/2023 02:51:21,48.43,-10
Svalbard,12/02/2023 04:28:42,12/02/2023 04:30:32,109.807,20
Fairbanks,12/02/2023 04:38:27,12/02/2023 04:40:32,124.918,20
Fairbanks,12/02/2023 04:38:27,12/02/2023 04:40:34,126.633,10
Fairbanks,12/02/2023 04:38:36,12/02/2023 04:40:27,110.985,0
Fairbanks,12/02/2023 04:38:55,12/02/2023 04:40:09,74.087,-10
Fairbanks,12/02/2023 06:16:39,12/02/2023 06:16:48,9.332,-20
Punta Arenas,12/02/2023 12:08:45,12/02/2023 12:08:52,7.449,20
Fairbanks,12/02/2023 14:19:43,12/02/2023 14:21:41,117.83,-10
Fairbanks,12/02/2023 14:19:44,12/02/2023 14:21:35,111.502,0
Fairbanks,12/02/2023 14:20:09,12/02/2023 14:21:39,89.761,-20
Fairbanks,12/02/2023 14:20:21,12/02/2023 14:21:19,58.011,10
Svalbard,12/02/2023 17:47:07,12/02/2023 17:49:36,148.789,20
Svalbard,12/02/2023 17:47:49,12/02/2023 17:48:55,66.048,10
Svalbard,12/02/2023 19:25:45,12/02/2023 19:27:46,120.324,10
Svalbard,12/02/2023 19:25:46,12/02/2023 19:27:45,119.515,0
Svalbard,12/02/2023 19:25:53,12/02/2023 19:27:37,103.518,20
Svalbard,12/02/2023 19:25:55,12/02/2023 19:27:37,101.64,-10
Svalbard,12/02/2023 19:26:17,12/02/2023 19:27:15,58.493,-20
Svalbard,12/02/2023 21:03:33,12/02/2023 21:05:55,141.723,-20
Svalbard,12/02/2023 21:03:42,12/02/2023 21:05:46,124.827,-10
Svalbard,12/02/2023 21:04:00,12/02/2023 21:05:27,86.892,0
Punta Arenas,12/02/2023 21:42:24,12/02/2023 21:42:38,14.689,-10
Svalbard,12/02/2023 22:41:12,12/02/2023 22:43:42,150.143,-20
Svalbard,12/02/2023 22:41:33,12/02/2023 22:43:21,107.901,-10
Svalbard,12/03/2023 00:18:56,12/03/2023 00:21:22,145.755,-20
Svalbard,12/03/2023 00:19:09,12/03/2023 00:21:10,121.137,-10
Svalbard,12/03/2023 00:19:34,12/03/2023 00:20:45,71.214,0
Svalbard,12/03/2023 01:57:03,12/03/2023 01:59:04,120.464,0
Svalbard,12/03/2023 01:57:06,12/03/2023 01:59:01,115.452,-10
Svalbard,12/03/2023 01:57:09,12/03/2023 01:58:58,108.864,10
Svalbard,12/03/2023 01:57:17,12/03/2023 01:58:49,91.948,-20
Svalbard,12/03/2023 01:57:26,12/03/2023 01:58:42,76.539,20
Svalbard,12/03/2023 03:35:07,12/03/2023 03:37:38,151.163,20
Svalbard,12/03/2023 03:35:30,12/03/2023 03:37:13,103.326,10
Fairbanks,12/03/2023 03:45:33,12/03/2023 03:47:23,109.559,20
Fairbanks,12/03/2023 05:23:31,12/03/2023 05:25:58,146.067,-20
Fairbanks,12/03/2023 05:23:43,12/03/2023 05:25:44,120.247,-10
Fairbanks,12/03/2023 05:24:09,12/03/2023 05:24:51,42.326,0
Fairbanks,12/03/2023 13:27:25,12/03/2023 13:29:06,100.943,-20
Fairbanks,12/03/2023 15:05:15,12/03/2023 15:07:11,116.076,20
Fairbanks,12/03/2023 15:05:25,12/03/2023 15:06:55,89.58,10
Fairbanks,12/03/2023 15:05:28,12/03/2023 15:06:23,55.647,0
Svalbard,12/03/2023 16:54:30,12/03/2023 16:55:46,76.522,20
Svalbard,12/03/2023 18:32:36,12/03/2023 18:35:01,145.627,20
Svalbard,12/03/2023 18:32:47,12/03/2023 18:34:51,123.6,10
Svalbard,12/03/2023 18:33:10,12/03/2023 18:34:28,77.953,0
Svalbard,12/03/2023 20:10:58,12/03/2023 20:13:03,124.723,-10
Svalbard,12/03/2023 20:11:02,12/03/2023 20:12:59,116.88,-20
Svalbard,12/03/2023 20:11:02,12/03/2023 20:12:58,115.368,0
Svalbard,12/03/2023 20:11:16,12/03/2023 20:12:43,87.332,10
Svalbard,12/03/2023 21:48:36,12/03/2023 21:51:04,148.652,-20
Svalbard,12/03/2023 21:48:52,12/03/2023 21:50:48,115.764,-10
Svalbard,12/03/2023 21:49:26,12/03/2023 21:50:04,37.839,0
Svalbard,12/03/2023 23:26:16,12/03/2023 23:28:46,149.846,-20
Svalbard,12/03/2023 23:26:36,12/03/2023 23:28:26,110.558,-10
Svalbard,12/04/2023 01:04:10,12/04/2023 01:06:23,132.843,-20
Svalbard,12/04/2023 01:04:13,12/04/2023 01:06:20,127.053,-10
Svalbard,12/04/2023 01:04:25,12/04/2023 01:06:09,103.092,0
Svalbard,12/04/2023 01:05:03,12/04/2023 01:05:42,39.007,10
Svalbard,12/04/2023 02:42:18,12/04/2023 02:44:26,128.218,20
Svalbard,12/04/2023 02:42:18,12/04/2023 02:44:25,127.288,10
Svalbard,12/04/2023 02:42:27,12/04/2023 02:44:15,108.723,0
Svalbard,12/04/2023 02:42:47,12/04/2023 02:43:54,66.96,-10
Svalbard,12/04/2023 04:20:49,12/04/2023 04:22:58,129.656,20
Fairbanks,12/04/2023 04:30:45,12/04/2023 04:33:03,137.869,20
Fairbanks,12/04/2023 04:30:52,12/04/2023 04:32:59,126.916,10
Fairbanks,12/04/2023 04:31:08,12/04/2023 04:32:44,96.779,0
Fairbanks,12/04/2023 04:31:46,12/04/2023 04:32:07,20.135,-10
Fairbanks,12/04/2023 06:08:52,12/04/2023 06:09:50,58.094,-20
Fairbanks,12/04/2023 14:12:13,12/04/2023 14:14:08,114.566,-10
Fairbanks,12/04/2023 14:12:16,12/04/2023 14:13:55,99.145,0
Fairbanks,12/04/2023 14:12:18,12/04/2023 14:14:11,113.091,-20
Fairbanks,12/04/2023 15:51:08,12/04/2023 15:51:45,36.887,20
Svalbard,12/04/2023 17:39:31,12/04/2023 17:41:56,145.411,20
Svalbard,12/04/2023 17:40:26,12/04/2023 17:41:02,36.121,10
Svalbard,12/04/2023 19:18:08,12/04/2023 19:20:12,123.335,10
Svalbard,12/04/2023 19:18:11,12/04/2023 19:20:09,117.713,0
Svalbard,12/04/2023 19:18:14,12/04/2023 19:20:05,111.655,20
Svalbard,12/04/2023 19:18:23,12/04/2023 19:19:58,94.276,-10
Svalbard,12/04/2023 19:18:53,12/04/2023 19:19:29,36.308,-20
Svalbard,12/04/2023 20:56:01,12/04/2023 20:58:20,139.694,-20
Svalbard,12/04/2023 20:56:07,12/04/2023 20:58:13,125.887,-10
Svalbard,12/04/2023 20:56:24,12/04/2023 20:57:56,92.111,0
Punta Arenas,12/04/2023 21:34:40,12/04/2023 21:34:51,10.261,0
Svalbard,12/04/2023 22:33:39,12/04/2023 22:36:09,150.173,-20
Svalbard,12/04/2023 22:34:00,12/04/2023 22:35:48,108.476,-10
Svalbard,12/05/2023 00:11:22,12/05/2023 00:13:49,146.88,-20
Svalbard,12/05/2023 00:11:36,12/05/2023 00:13:35,119.677,-10
Svalbard,12/05/2023 00:12:03,12/05/2023 00:13:08,64.946,0
Svalbard,12/05/2023 01:49:29,12/05/2023 01:51:28,119.715,0
Svalbard,12/05/2023 01:49:29,12/05/2023 01:51:28,119.015,-10
Svalbard,12/05/2023 01:49:37,12/05/2023 01:51:21,103.532,10
Svalbard,12/05/2023 01:49:38,12/05/2023 01:51:18,100.56,-20
Svalbard,12/05/2023 01:49:57,12/05/2023 01:51:01,63.679,20
Svalbard,12/05/2023 03:27:30,12/05/2023 03:30:01,151.076,20
Svalbard,12/05/2023 03:27:49,12/05/2023 03:29:40,111.432,10
Svalbard,12/05/2023 03:28:40,12/05/2023 03:28:48,8.105,0
Fairbanks,12/05/2023 03:38:15,12/05/2023 03:39:25,69.768,20
Fairbanks,12/05/2023 05:16:02,12/05/2023 05:18:20,138.769,-20
Fairbanks,12/05/2023 05:16:07,12/05/2023 05:18:13,125.821,-10
Fairbanks,12/05/2023 05:16:23,12/05/2023 05:17:56,93.242,0
Fairbanks,12/05/2023 13:20:20,12/05/2023 13:21:26,65.92,-20
Fairbanks,12/05/2023 14:57:18,12/05/2023 14:59:32,134.109,20
Fairbanks,12/05/2023 14:57:19,12/05/2023 14:59:23,123.99,10
Fairbanks,12/05/2023 14:57:35,12/05/2023 14:59:04,88.57,0
Svalbard,12/05/2023 16:47:07,12/05/2023 16:47:50,42.984,20
Svalbard,12/05/2023 18:24:58,12/05/2023 18:27:26,148.59,20
Svalbard,12/05/2023 18:25:12,12/05/2023 18:27:12,119.922,10
Svalbard,12/05/2023 18:25:42,12/05/2023 18:26:44,62.24,0
Svalbard,12/05/2023 20:03:24,12/05/2023 20:05:27,122.934,-10
Svalbard,12/05/2023 20:03:27,12/05/2023 20:05:24,117.615,0
Svalbard,12/05/2023 20:03:31,12/05/2023 20:05:21,110.972,-20
Svalbard,12/05/2023 20:03:38,12/05/2023 20:05:13,94.572,10
Svalbard,12/05/2023 20:04:06,12/05/2023 20:04:25,18.634,20
Svalbard,12/05/2023 21:41:03,12/05/2023 21:43:31,148.113,-20
Svalbard,12/05/2023 21:41:18,12/05/2023 21:43:15,117.435,-10
Svalbard,12/05/2023 21:41:49,12/05/2023 21:42:44,55.198,0
Svalbard,12/05/2023 23:18:43,12/05/2023 23:21:13,150.071,-20
Svalbard,12/05/2023 23:19:03,12/05/2023 23:20:52,109.619,-10
Svalbard,12/06/2023 00:56:34,12/06/2023 00:58:50,135.978,-20
Svalbard,12/06/2023 00:56:39,12/06/2023 00:58:46,126.836,-10
Svalbard,12/06/2023 00:56:53,12/06/2023 00:58:32,98.91,0
Svalbard,12/06/2023 02:34:42,12/06/2023 02:36:49,126.243,10
Svalbard,12/06/2023 02:34:45,12/06/2023 02:36:47,121.984,20
Svalbard,12/06/2023 02:34:49,12/06/2023 02:36:42,113.198,0
Svalbard,12/06/2023 02:35:05,12/06/2023 02:36:25,80.12,-10
Svalbard,12/06/2023 04:13:07,12/06/2023 04:15:24,137.338,20
Fairbanks,12/06/2023 04:23:05,12/06/2023 04:25:31,146.601,20
Fairbanks,12/06/2023 04:23:18,12/06/2023 04:25:20,121.804,10
Fairbanks,12/06/2023 04:23:44,12/06/2023 04:24:56,71.597,0
Fairbanks,12/06/2023 06:01:10,12/06/2023 06:02:58,107.657,-20
Punta Arenas,12/06/2023 11:53:18,12/06/2023 11:53:28,9.871,10
Fairbanks,12/06/2023 14:04:18,12/06/2023 14:06:41,143.472,-20
Fairbanks,12/06/2023 14:04:30,12/06/2023 14:06:32,122.488,-10
Fairbanks,12/06/2023 14:05:12,12/06/2023 14:06:11,58.616,0
Fairbanks,12/06/2023 15:43:00,12/06/2023 15:44:37,96.438,20
Svalbard,12/06/2023 17:31:55,12/06/2023 17:34:16,140.571,20
Svalbard,12/06/2023 19:10:32,12/06/2023 19:12:37,125.624,10
Svalbard,12/06/2023 19:10:34,12/06/2023 19:12:34,119.01,20
Svalbard,12/06/2023 19:10:37,12/06/2023 19:12:32,114.975,0
Svalbard,12/06/2023 19:10:52,12/06/2023 19:12:18,85.185,-10
Svalbard,12/06/2023 20:48:28,12/06/2023 20:50:45,137.285,-20
Svalbard,12/06/2023 20:48:33,12/06/2023 20:50:40,126.678,-10
Svalbard,12/06/2023 20:48:48,12/06/2023 20:50:24,96.954,0
Svalbard,12/06/2023 22:26:06,12/06/2023 22:28:36,150.157,-20
Svalbard,12/06/2023 22:26:26,12/06/2023 22:28:15,109.268,-10
Svalbard,12/07/2023 00:03:48,12/07/2023 00:06:16,147.797,-20
Svalbard,12/07/2023 00:04:03,12/07/2023 00:06:01,118.152,-10
Svalbard,12/07/2023 00:04:33,12/07/2023 00:05:31,58.307,0
Svalbard,12/07/2023 01:41:53,12/07/2023 01:43:54,121.841,-10
Svalbard,12/07/2023 01:41:55,12/07/2023 01:43:53,118.368,0
Svalbard,12/07/2023 01:41:59,12/07/2023 01:43:47,107.946,-20
Svalbard,12/07/2023 01:42:05,12/07/2023 01:43:43,97.499,10
Svalbard,12/07/2023 01:42:40,12/07/2023 01:43:18,38.389,20
Svalbard,12/07/2023 03:19:54,12/07/2023 03:22:23,149.492,20
Svalbard,12/07/2023 03:20:09,12/07/2023 03:22:07,117.543,10
Svalbard,12/07/2023 03:20:41,12/07/2023 03:21:34,52.263,0
Fairbanks,12/07/2023 05:08:33,12/07/2023 05:10:40,126.674,-10
Fairbanks,12/07/2023 05:08:33,12/07/2023 05:10:41,127.602,-20
Fairbanks,12/07/2023 05:08:41,12/07/2023 05:10:29,108.23,0
Fairbanks,12/07/2023 05:09:01,12/07/2023 05:09:49,48.008,10
Fairbanks,12/07/2023 13:13:11,12/07/2023 13:13:41,30.309,-20
Fairbanks,12/07/2023 14:49:40,12/07/2023 14:51:50,129.929,20
Fairbanks,12/07/2023 14:49:41,12/07/2023 14:51:48,126.971,10
Fairbanks,12/07/2023 14:49:50,12/07/2023 14:51:37,106.278,0
Fairbanks,12/07/2023 14:50:13,12/07/2023 14:51:13,60.609,-10
Svalbard,12/07/2023 18:17:20,12/07/2023 18:19:51,150.707,20
Svalbard,12/07/2023 18:17:38,12/07/2023 18:19:33,114.761,10
Svalbard,12/07/2023 18:18:17,12/07/2023 18:18:55,37.066,0
Svalbard,12/07/2023 19:55:51,12/07/2023 19:57:51,120.52,-10
Svalbard,12/07/2023 19:55:51,12/07/2023 19:57:50,119.32,0
Svalbard,12/07/2023 19:55:59,12/07/2023 19:57:43,104.154,-20
Svalbard,12/07/2023 19:56:00,12/07/2023 19:57:41,101.016,10
Svalbard,12/07/2023 19:56:22,12/07/2023 19:57:19,56.983,20
Svalbard,12/07/2023 21:33:30,12/07/2023 21:35:57,147.398,-20
Svalbard,12/07/2023 21:33:44,12/07/2023 21:35:43,119.096,-10
Svalbard,12/07/2023 21:34:12,12/07/2023 21:35:14,62.148,0
Svalbard,12/07/2023 23:11:09,12/07/2023 23:13:39,150.234,-20
Svalbard,12/07/2023 23:11:30,12/07/2023 23:13:19,108.871,-10
Svalbard,12/08/2023 00:48:59,12/08/2023 00:51:18,138.676,-20
Svalbard,12/08/2023 00:49:06,12/08/2023 00:51:12,126.291,-10
Svalbard,12/08/2023 00:49:22,12/08/2023 00:50:56,94.34,0
Svalbard,12/08/2023 02:27:08,12/08/2023 02:29:12,124.398,10
Svalbard,12/08/2023 02:27:11,12/08/2023 02:29:08,116.521,0
Svalbard,12/08/2023 02:27:13,12/08/2023 02:29:08,115.033,20
Svalbard,12/08/2023 02:27:24,12/08/2023 02:28:54,90.327,-10
Svalbard,12/08/2023 02:28:00,12/08/2023 02:28:18,17.78,-20
Svalbard,12/08/2023 04:05:26,12/08/2023 04:07:49,143.151,20
Fairbanks,12/08/2023 04:15:26,12/08/2023 04:17:57,151.073,20
Fairbanks,12/08/2023 04:15:48,12/08/2023 04:17:38,110.008,10
Fairbanks,12/08/2023 05:53:31,12/08/2023 05:55:48,136.407,-20
Fairbanks,12/08/2023 13:56:42,12/08/2023 13:59:11,148.53,-20
Fairbanks,12/08/2023 13:57:01,12/08/2023 13:58:54,113.697,-10
Fairbanks,12/08/2023 13:58:15,12/08/2023 13:58:18,2.978,0
Fairbanks,12/08/2023 15:35:08,12/08/2023 15:37:12,123.96,20
Svalbard,12/08/2023 17:24:20,12/08/2023 17:26:35,134.051,20
Svalbard,12/08/2023 19:02:55,12/08/2023 19:05:02,127.145,10
Svalbard,12/08/2023 19:02:55,12/08/2023 19:05:01,125.642,20
Svalbard,12/08/2023 19:03:03,12/08/2023 19:04:55,111.169,0
Svalbard,12/08/2023 19:03:22,12/08/2023 19:04:36,73.683,-10
Svalbard,12/08/2023 20:40:55,12/08/2023 20:43:10,134.456,-20
Svalbard,12/08/2023 20:40:59,12/08/2023 20:43:06,127.157,-10
Svalbard,12/08/2023 20:41:11,12/08/2023 20:42:53,101.413,0
Svalbard,12/08/2023 20:41:40,12/08/2023 20:42:19,38.84,10
Punta Arenas,12/08/2023 21:19:37,12/08/2023 21:19:51,13.559,10
Svalbard,12/08/2023 22:18:33,12/08/2023 22:21:03,150.082,-20
Svalbard,12/08/2023 22:18:53,12/08/2023 22:20:43,110.258,-10
Svalbard,12/08/2023 23:56:14,12/08/2023 23:58:43,148.528,-20
Svalbard,12/08/2023 23:56:30,12/08/2023 23:58:27,116.606,-10
Svalbard,12/08/2023 23:57:03,12/08/2023 23:57:54,51.252,0
Svalbard,12/09/2023 01:34:17,12/09/2023 01:36:21,124.012,-10
Svalbard,12/09/2023 01:34:21,12/09/2023 01:36:17,116.462,0
Svalbard,12/09/2023 01:34:21,12/09/2023 01:36:16,114.345,-20
Svalbard,12/09/2023 01:34:34,12/09/2023 01:36:05,90.709,10
Svalbard,12/09/2023 03:12:18,12/09/2023 03:14:45,147.022,20
Svalbard,12/09/2023 03:12:30,12/09/2023 03:14:32,122.023,10
Svalbard,12/09/2023 03:12:55,12/09/2023 03:14:07,71.387,0
Svalbard,12/09/2023 04:51:42,12/09/2023 04:52:45,63.198,20
Fairbanks,12/09/2023 05:01:00,12/09/2023 05:03:03,123.035,-10
Fairbanks,12/09/2023 05:01:03,12/09/2023 05:03:00,116.897,0
Fairbanks,12/09/2023 05:01:07,12/09/2023 05:02:59,112,-20
Fairbanks,12/09/2023 05:01:14,12/09/2023 05:02:47,92.949,10
Fairbanks,12/09/2023 14:42:07,12/09/2023 14:44:11,123.739,10
Fairbanks,12/09/2023 14:42:10,12/09/2023 14:44:06,116.108,0
Fairbanks,12/09/2023 14:42:13,12/09/2023 14:44:07,114.236,20
Fairbanks,12/09/2023 14:42:22,12/09/2023 14:43:53,90.33,-10
Fairbanks,12/09/2023 14:42:57,12/09/2023 14:43:17,20.386,-20
Svalbard,12/09/2023 18:09:42,12/09/2023 18:12:14,151.922,20
Svalbard,12/09/2023 18:10:05,12/09/2023 18:11:53,107.824,10
Svalbard,12/09/2023 19:48:16,12/09/2023 19:50:16,120.444,0
Svalbard,12/09/2023 19:48:18,12/09/2023 19:50:15,117.406,-10
Svalbard,12/09/2023 19:48:22,12/09/2023 19:50:09,106.74,10
Svalbard,12/09/2023 19:48:28,12/09/2023 19:50:05,96.226,-20
Svalbard,12/09/2023 19:48:40,12/09/2023 19:49:51,71.132,20
Svalbard,12/09/2023 21:25:57,12/09/2023 21:28:23,146.479,-20
Svalbard,12/09/2023 21:26:09,12/09/2023 21:28:10,120.704,-10
Svalbard,12/09/2023 21:26:35,12/09/2023 21:27:44,68.692,0
Svalbard,12/09/2023 23:03:36,12/09/2023 23:06:06,150.346,-20
Svalbard,12/09/2023 23:03:57,12/09/2023 23:05:45,108.333,-10
Svalbard,12/10/2023 00:41:24,12/10/2023 00:43:45,140.977,-20
Svalbard,12/10/2023 00:41:32,12/10/2023 00:43:38,125.46,-10
Svalbard,12/10/2023 00:41:50,12/10/2023 00:43:20,89.398,0
Svalbard,12/10/2023 02:19:33,12/10/2023 02:21:35,121.805,10
Svalbard,12/10/2023 02:19:35,12/10/2023 02:21:33,118.844,0
Svalbard,12/10/2023 02:19:41,12/10/2023 02:21:28,107.324,20
Svalbard,12/10/2023 02:19:44,12/10/2023 02:21:23,98.529,-10
Svalbard,12/10/2023 02:20:09,12/10/2023 02:20:58,49.896,-20
Svalbard,12/10/2023 03:57:46,12/10/2023 04:00:13,147.366,20
Svalbard,12/10/2023 03:58:32,12/10/2023 03:59:26,54.748,10
Fairbanks,12/10/2023 04:07:50,12/10/2023 04:10:21,150.955,20
Fairbanks,12/10/2023 04:08:22,12/10/2023 04:09:50,88.387,10
Fairbanks,12/10/2023 05:45:55,12/10/2023 05:48:20,145.004,-20
Fairbanks,12/10/2023 05:46:40,12/10/2023 05:46:54,13.618,-10
Punta Arenas,12/10/2023 11:38:22,12/10/2023 11:38:24,2.784,0
Fairbanks,12/10/2023 13:49:08,12/10/2023 13:51:38,149.936,-20
Fairbanks,12/10/2023 13:49:45,12/10/2023 13:51:14,88.987,-10
Fairbanks,12/10/2023 15:27:23,12/10/2023 15:29:43,140.007,20
Svalbard,12/10/2023 17:16:46,12/10/2023 17:18:52,125.524,20
Svalbard,12/10/2023 18:55:17,12/10/2023 18:57:28,131.581,20
Svalbard,12/10/2023 18:55:19,12/10/2023 18:57:27,127.842,10
Svalbard,12/10/2023 18:55:30,12/10/2023 18:57:16,106.115,0
Svalbard,12/10/2023 18:55:54,12/10/2023 18:56:52,58.295,-10
Svalbard,12/10/2023 20:33:23,12/10/2023 20:35:34,131.155,-20
Svalbard,12/10/2023 20:33:24,12/10/2023 20:35:32,127.28,-10
Svalbard,12/10/2023 20:33:35,12/10/2023 20:35:21,105.475,0
Svalbard,12/10/2023 20:33:59,12/10/2023 20:34:56,57.497,10
Svalbard,12/10/2023 22:11:00,12/10/2023 22:13:29,149.936,-20
Svalbard,12/10/2023 22:11:19,12/10/2023 22:13:10,111.425,-10
Svalbard,12/10/2023 23:48:41,12/10/2023 23:51:10,149.099,-20
Svalbard,12/10/2023 23:48:58,12/10/2023 23:50:53,115.077,-10
Svalbard,12/10/2023 23:49:34,12/10/2023 23:50:17,43.692,0
Svalbard,12/11/2023 01:26:42,12/11/2023 01:28:47,125.591,-10
Svalbard,12/11/2023 01:26:44,12/11/2023 01:28:44,119.907,-20
Svalbard,12/11/2023 01:26:48,12/11/2023 01:28:42,114.037,0
Svalbard,12/11/2023 01:27:03,12/11/2023 01:28:26,83.066,10
Svalbard,12/11/2023 03:04:43,12/11/2023 03:07:07,143.726,20
Svalbard,12/11/2023 03:04:52,12/11/2023 03:06:57,125.118,10
Svalbard,12/11/2023 03:05:12,12/11/2023 03:06:37,84.661,0
Svalbard,12/11/2023 04:43:50,12/11/2023 04:45:19,88.528,20
Fairbanks,12/11/2023 04:53:26,12/11/2023 04:55:27,120.421,0
Fairbanks,12/11/2023 04:53:30,12/11/2023 04:55:25,114.697,-10
Fairbanks,12/11/2023 04:53:31,12/11/2023 04:55:21,109.604,10
Fairbanks,12/11/2023 04:53:43,12/11/2023 04:55:13,90.348,-20
Fairbanks,12/11/2023 04:53:46,12/11/2023 04:54:53,67.113,20
Fairbanks,12/11/2023 14:34:33,12/11/2023 14:36:33,120.17,0
Fairbanks,12/11/2023 14:34:36,12/11/2023 14:36:32,115.69,10
Fairbanks,12/11/2023 14:34:38,12/11/2023 14:36:26,108.085,-10
Fairbanks,12/11/2023 14:34:50,12/11/2023 14:36:21,90.351,20
Fairbanks,12/11/2023 14:34:54,12/11/2023 14:36:09,75.076,-20
Svalbard,12/11/2023 18:02:05,12/11/2023 18:04:37,152.16,20
Svalbard,12/11/2023 18:02:32,12/11/2023 18:04:11,98.65,10
Svalbard,12/11/2023 19:40:40,12/11/2023 19:42:41,120.944,0
Svalbard,12/11/2023 19:40:45,12/11/2023 19:42:38,113.497,-10
Svalbard,12/11/2023 19:40:45,12/11/2023 19:42:37,111.791,10
Svalbard,12/11/2023 19:40:58,12/11/2023 19:42:25,86.876,-20
Svalbard,12/11/2023 19:40:59,12/11/2023 19:42:22,82.9,20
Svalbard,12/11/2023 21:18:24,12/11/2023 21:20:49,145.323,-20
Svalbard,12/11/2023 21:18:35,12/11/2023 21:20:37,122.225,-10
Svalbard,12/11/2023 21:18:58,12/11/2023 21:20:13,74.881,0
Svalbard,12/11/2023 22:56:03,12/11/2023 22:58:33,150.41,-20
Svalbard,12/11/2023 22:56:24,12/11/2023 22:58:12,108.026,-10
Svalbard,12/12/2023 00:33:49,12/12/2023 00:36:12,142.919,-20
Svalbard,12/12/2023 00:33:59,12/12/2023 00:36:03,124.387,-10
Svalbard,12/12/2023 00:34:19,12/12/2023 00:35:43,84.103,0
Svalbard,12/12/2023 02:11:58,12/12/2023 02:13:59,120.281,0
Svalbard,12/12/2023 02:12:00,12/12/2023 02:13:58,118.505,10
Svalbard,12/12/2023 02:12:06,12/12/2023 02:13:51,105.22,-10
Svalbard,12/12/2023 02:12:10,12/12/2023 02:13:49,98.78,20
Svalbard,12/12/2023 02:12:24,12/12/2023 02:13:32,67.336,-20
Svalbard,12/12/2023 03:50:07,12/12/2023 03:52:37,150.181,20
Svalbard,12/12/2023 03:50:43,12/12/2023 03:52:00,76.7,10
Fairbanks,12/12/2023 04:00:15,12/12/2023 04:02:41,145.611,20
Fairbanks,12/12/2023 04:01:07,12/12/2023 04:01:51,43.629,10
Fairbanks,12/12/2023 05:38:20,12/12/2023 05:40:50,149.387,-20
Fairbanks,12/12/2023 05:38:50,12/12/2023 05:39:57,66.166,-10
Punta Arenas,12/12/2023 11:30:34,12/12/2023 11:30:42,7.117,-10
Fairbanks,12/12/2023 13:41:37,12/12/2023 13:44:04,147.606,-20
Fairbanks,12/12/2023 13:42:45,12/12/2023 13:43:28,43.693,-10
Fairbanks,12/12/2023 15:19:41,12/12/2023 15:22:10,148.615,20
Fairbanks,12/12/2023 15:20:20,12/12/2023 15:21:29,69.783,10
Svalbard,12/12/2023 17:09:14,12/12/2023 17:11:08,114.485,20
Svalbard,12/12/2023 18:47:38,12/12/2023 18:49:55,136.831,20
Svalbard,12/12/2023 18:47:43,12/12/2023 18:49:50,127.639,10
Svalbard,12/12/2023 18:47:57,12/12/2023 18:49:37,99.551,0
Svalbard,12/12/2023 18:48:30,12/12/2023 18:49:04,33.987,-10
Svalbard,12/12/2023 20:25:50,12/12/2023 20:27:57,127.003,-10
Svalbard,12/12/2023 20:25:50,12/12/2023 20:27:58,127.323,-20
Svalbard,12/12/2023 20:25:59,12/12/2023 20:27:48,109.124,0
Svalbard,12/12/2023 20:26:19,12/12/2023 20:27:28,68.56,10
Punta Arenas,12/12/2023 21:04:13,12/12/2023 21:04:20,7.012,20
Svalbard,12/12/2023 22:03:26,12/12/2023 22:05:56,149.703,-20
Svalbard,12/12/2023 22:03:45,12/12/2023 22:05:38,112.745,-10
Svalbard,12/12/2023 23:41:07,12/12/2023 23:43:37,149.532,-20
Svalbard,12/12/2023 23:41:25,12/12/2023 23:43:19,113.608,-10
Svalbard,12/12/2023 23:42:10,12/12/2023 23:42:40,29.291,0
Svalbard,12/13/2023 01:19:07,12/13/2023 01:21:13,126.636,-10
Svalbard,12/13/2023 01:19:07,12/13/2023 01:21:12,124.746,-20
Svalbard,12/13/2023 01:19:15,12/13/2023 01:21:06,111.127,0
Svalbard,12/13/2023 01:19:33,12/13/2023 01:20:48,74.409,10
Svalbard,12/13/2023 02:57:09,12/13/2023 02:59:29,139.655,20
Svalbard,12/13/2023 02:57:15,12/13/2023 02:59:22,127.006,10
Svalbard,12/13/2023 02:57:31,12/13/2023 02:59:05,94.63,0
Svalbard,12/13/2023 04:36:03,12/13/2023 04:37:49,105.951,20
Fairbanks,12/13/2023 04:45:51,12/13/2023 04:47:51,120.322,10
Fairbanks,12/13/2023 04:45:52,12/13/2023 04:47:51,119.062,0
Fairbanks,12/13/2023 04:45:58,12/13/2023 04:47:42,104.086,20
Fairbanks,12/13/2023 04:46:02,12/13/2023 04:47:43,100.761,-10
Fairbanks,12/13/2023 04:46:25,12/13/2023 04:47:21,56.745,-20
Punta Arenas,12/13/2023 12:15:24,12/13/2023 12:15:33,9.189,20
Fairbanks,12/13/2023 14:26:58,12/13/2023 14:28:57,119.208,-10
Fairbanks,12/13/2023 14:26:59,12/13/2023 14:28:58,119.226,0
Fairbanks,12/13/2023 14:27:06,12/13/2023 14:28:48,101.589,-20
Fairbanks,12/13/2023 14:27:08,12/13/2023 14:28:50,102.374,10
Fairbanks,12/13/2023 14:27:47,12/13/2023 14:28:30,43.025,20
Svalbard,12/13/2023 17:54:28,12/13/2023 17:56:59,151.334,20
Svalbard,12/13/2023 17:55:01,12/13/2023 17:56:28,86.435,10
Svalbard,12/13/2023 19:33:05,12/13/2023 19:35:06,120.766,0
Svalbard,12/13/2023 19:33:07,12/13/2023 19:35:04,116.184,10
Svalbard,12/13/2023 19:33:12,12/13/2023 19:35:00,108.67,-10
Svalbard,12/13/2023 19:33:19,12/13/2023 19:34:52,93.151,20
Svalbard,12/13/2023 19:33:29,12/13/2023 19:34:44,75.561,-20
Svalbard,12/13/2023 21:10:51,12/13/2023 21:13:15,143.901,-20
Svalbard,12/13/2023 21:11:01,12/13/2023 21:13:04,123.616,-10
Svalbard,12/13/2023 21:11:22,12/13/2023 21:12:43,80.737,0
Punta Arenas,12/13/2023 21:49:42,12/13/2023 21:49:48,5.9,-20
Svalbard,12/13/2023 22:48:30,12/13/2023 22:51:00,150.432,-20
Svalbard,12/13/2023 22:48:51,12/13/2023 22:50:39,107.966,-10
Svalbard,12/14/2023 00:26:15,12/14/2023 00:28:39,144.538,-20
Svalbard,12/14/2023 00:26:26,12/14/2023 00:28:29,123.115,-10
Svalbard,12/14/2023 00:26:48,12/14/2023 00:28:07,78.473,0
Svalbard,12/14/2023 02:04:23,12/14/2023 02:06:24,120.925,0
Svalbard,12/14/2023 02:04:26,12/14/2023 02:06:21,114.533,10
Svalbard,12/14/2023 02:04:28,12/14/2023 02:06:18,110.698,-10
Svalbard,12/14/2023 02:04:39,12/14/2023 02:06:09,89.258,20
Svalbard,12/14/2023 02:04:43,12/14/2023 02:06:03,80.315,-20
Svalbard,12/14/2023 03:42:29,12/14/2023 03:45:01,151.745,20
Svalbard,12/14/2023 03:42:58,12/14/2023 03:44:30,91.553,10
Fairbanks,12/14/2023 03:52:44,12/14/2023 03:54:58,133.895,20
Fairbanks,12/14/2023 05:30:47,12/14/2023 05:33:17,149.924,-20
Fairbanks,12/14/2023 05:31:08,12/14/2023 05:32:55,106.98,-10
Punta Arenas,12/14/2023 11:22:54,12/14/2023 11:23:03,8.748,-20
Fairbanks,12/14/2023 13:34:08,12/14/2023 13:36:29,141.29,-20
Fairbanks,12/14/2023 15:12:03,12/14/2023 15:14:34,151.448,20
Fairbanks,12/14/2023 15:12:28,12/14/2023 15:14:08,100.089,10
Svalbard,12/14/2023 17:01:42,12/14/2023 17:03:22,100.055,20
Svalbard,12/14/2023 18:39:59,12/14/2023 18:42:21,141.373,20
Svalbard,12/14/2023 18:40:07,12/14/2023 18:42:14,126.44,10
Svalbard,12/14/2023 18:40:25,12/14/2023 18:41:56,91.078,0
Svalbard,12/14/2023 20:18:16,12/14/2023 20:20:23,126.276,-10
Svalbard,12/14/2023 20:18:18,12/14/2023 20:20:21,122.896,-20
Svalbard,12/14/2023 20:18:23,12/14/2023 20:20:15,112.337,0
Svalbard,12/14/2023 20:18:40,12/14/2023 20:19:58,77.989,10
Punta Arenas,12/14/2023 20:57:09,12/14/2023 20:57:15,6.19,20
Svalbard,12/14/2023 21:55:53,12/14/2023 21:58:23,149.363,-20
Svalbard,12/14/2023 21:56:11,12/14/2023 21:58:05,114.187,-10
Svalbard,12/14/2023 21:56:48,12/14/2023 21:57:27,38.889,0
Svalbard,12/14/2023 23:33:34,12/14/2023 23:36:03,149.847,-20
Svalbard,12/14/2023 23:33:53,12/14/2023 23:35:45,112.243,-10
Svalbard,12/15/2023 01:11:31,12/15/2023 01:13:40,128.946,-20
Svalbard,12/15/2023 01:11:32,12/15/2023 01:13:39,127.202,-10
Svalbard,12/15/2023 01:11:42,12/15/2023 01:13:30,107.766,0
Svalbard,12/15/2023 01:12:04,12/15/2023 01:13:08,64.442,10
Svalbard,12/15/2023 02:49:35,12/15/2023 02:51:50,134.857,20
Svalbard,12/15/2023 02:49:38,12/15/2023 02:51:46,127.828,10
Svalbard,12/15/2023 02:49:51,12/15/2023 02:51:33,102.321,0
Svalbard,12/15/2023 02:50:19,12/15/2023 02:51:04,45.379,-10
Svalbard,12/15/2023 04:28:18,12/15/2023 04:30:17,119.006,20
Fairbanks,12/15/2023 04:38:13,12/15/2023 04:40:19,126.109,10
Fairbanks,12/15/2023 04:38:14,12/15/2023 04:40:16,122.516,20
Fairbanks,12/15/2023 04:38:20,12/15/2023 04:40:13,112.449,0
Fairbanks,12/15/2023 04:38:38,12/15/2023 04:39:56,78.551,-10
Fairbanks,12/15/2023 06:16:27,12/15/2023 06:16:43,16.269,-20
Punta Arenas,12/15/2023 12:08:19,12/15/2023 12:08:32,13.068,20
Fairbanks,12/15/2023 14:19:20,12/15/2023 14:21:26,125.276,-10
Fairbanks,12/15/2023 14:19:22,12/15/2023 14:21:22,120.051,-20
Fairbanks,12/15/2023 14:19:27,12/15/2023 14:21:20,113.351,0
Fairbanks,12/15/2023 14:19:48,12/15/2023 14:21:05,77.865,10
Svalbard,12/15/2023 17:46:52,12/15/2023 17:49:21,149.336,20
Svalbard,12/15/2023 17:47:32,12/15/2023 17:48:42,69.5,10
Svalbard,12/15/2023 19:25:30,12/15/2023 19:27:30,119.916,10
Svalbard,12/15/2023 19:25:31,12/15/2023 19:27:31,119.839,0
Svalbard,12/15/2023 19:25:39,12/15/2023 19:27:21,102.281,20
Svalbard,12/15/2023 19:25:39,12/15/2023 19:27:22,102.76,-10
Svalbard,12/15/2023 19:26:00,12/15/2023 19:27:02,61.188,-20
Svalbard,12/15/2023 21:03:18,12/15/2023 21:05:40,142.174,-20
Svalbard,12/15/2023 21:03:26,12/15/2023 21:05:31,124.837,-10
Svalbard,12/15/2023 21:03:45,12/15/2023 21:05:12,86.262,0
Punta Arenas,12/15/2023 21:42:03,12/15/2023 21:42:06,2.744,-10
Svalbard,12/15/2023 22:40:57,12/15/2023 22:43:27,150.412,-20
Svalbard,12/15/2023 22:41:18,12/15/2023 22:43:06,108.154,-10
Svalbard,12/16/2023 00:18:41,12/16/2023 00:21:06,145.869,-20
Svalbard,12/16/2023 00:18:53,12/16/2023 00:20:55,121.692,-10
Svalbard,12/16/2023 00:19:18,12/16/2023 00:20:30,72.52,0
Svalbard,12/16/2023 01:56:48,12/16/2023 01:58:49,120.85,0
Svalbard,12/16/2023 01:56:50,12/16/2023 01:58:46,115.164,-10
Svalbard,12/16/2023 01:56:54,12/16/2023 01:58:44,109.902,10
Svalbard,12/16/2023 01:57:02,12/16/2023 01:58:33,90.78,-20
Svalbard,12/16/2023 01:57:10,12/16/2023 01:58:28,78.491,20
Svalbard,12/16/2023 03:34:51,12/16/2023 03:37:23,152.176,20
Svalbard,12/16/2023 03:35:16,12/16/2023 03:36:58,102.498,10
Fairbanks,12/16/2023 03:45:16,12/16/2023 03:47:10,113.416,20
Fairbanks,12/16/2023 05:23:16,12/16/2023 05:25:43,146.778,-20
Fairbanks,12/16/2023 05:23:29,12/16/2023 05:25:28,118.86,-10
Fairbanks,12/16/2023 05:23:56,12/16/2023 05:24:34,37.6,0
Fairbanks,12/16/2023 13:26:41,12/16/2023 13:28:52,130.475,-20
Fairbanks,12/16/2023 15:04:28,12/16/2023 15:06:57,149.379,20
Fairbanks,12/16/2023 15:04:43,12/16/2023 15:06:39,116.493,10
Fairbanks,12/16/2023 15:05:16,12/16/2023 15:06:05,48.708,0
Svalbard,12/16/2023 16:54:13,12/16/2023 16:55:33,80.393,20
Svalbard,12/16/2023 18:32:21,12/16/2023 18:34:46,145.17,20
Svalbard,12/16/2023 18:32:32,12/16/2023 18:34:36,124.125,10
Svalbard,12/16/2023 18:32:54,12/16/2023 18:34:14,80.017,0
Svalbard,12/16/2023 20:10:43,12/16/2023 20:12:48,125.047,-10
Svalbard,12/16/2023 20:10:46,12/16/2023 20:12:44,117.798,-20
Svalbard,12/16/2023 20:10:47,12/16/2023 20:12:42,115.082,0
Svalbard,12/16/2023 20:11:02,12/16/2023 20:12:28,86.238,10
Svalbard,12/16/2023 21:48:20,12/16/2023 21:50:49,148.898,-20
Svalbard,12/16/2023 21:48:37,12/16/2023 21:50:32,115.712,-10
Svalbard,12/16/2023 21:49:11,12/16/2023 21:49:58,46.872,0
Svalbard,12/16/2023 23:26:00,12/16/2023 23:28:30,150.064,-20
Svalbard,12/16/2023 23:26:20,12/16/2023 23:28:11,111.011,-10
Svalbard,12/17/2023 01:03:55,12/17/2023 01:06:07,132.579,-20
Svalbard,12/17/2023 01:03:58,12/17/2023 01:06:05,127.342,-10
Svalbard,12/17/2023 01:04:10,12/17/2023 01:05:54,103.978,0
Svalbard,12/17/2023 01:04:36,12/17/2023 01:05:28,52.526,10
Svalbard,12/17/2023 02:42:02,12/17/2023 02:44:11,129.355,20
Svalbard,12/17/2023 02:42:02,12/17/2023 02:44:10,127.693,10
Svalbard,12/17/2023 02:42:12,12/17/2023 02:44:00,108.281,0
Svalbard,12/17/2023 02:42:33,12/17/2023 02:43:38,64.975,-10
Svalbard,12/17/2023 04:20:34,12/17/2023 04:22:43,129.056,20
Fairbanks,12/17/2023 04:30:31,12/17/2023 04:32:47,136.06,20
Fairbanks,12/17/2023 04:30:37,12/17/2023 04:32:44,127.058,10
Fairbanks,12/17/2023 04:30:51,12/17/2023 04:32:31,99.33,0
Fairbanks,12/17/2023 04:31:24,12/17/2023 04:31:59,34.989,-10
Fairbanks,12/17/2023 06:08:38,12/17/2023 06:09:37,58.442,-20
Fairbanks,12/17/2023 14:11:41,12/17/2023 14:13:55,133.451,-20
Fairbanks,12/17/2023 14:11:46,12/17/2023 14:13:52,126.804,-10
Fairbanks,12/17/2023 14:11:59,12/17/2023 14:13:41,101.923,0
Fairbanks,12/17/2023 14:12:50,12/17/2023 14:13:14,23.901,10
Fairbanks,12/17/2023 15:51:03,12/17/2023 15:51:21,18.269,20
Svalbard,12/17/2023 17:39:16,12/17/2023 17:41:42,146.04,20
Svalbard,12/17/2023 17:40:08,12/17/2023 17:40:50,42.437,10
Svalbard,12/17/2023 19:17:53,12/17/2023 19:19:56,122.959,10
Svalbard,12/17/2023 19:17:56,12/17/2023 19:19:54,118.085,0
Svalbard,12/17/2023 19:17:59,12/17/2023 19:19:50,110.496,20
Svalbard,12/17/2023 19:18:08,12/17/2023 19:19:43,95.537,-10
Svalbard,12/17/2023 19:18:35,12/17/2023 19:19:16,40.629,-20
Svalbard,12/17/2023 20:55:45,12/17/2023 20:58:05,140.111,-20
Svalbard,12/17/2023 20:55:52,12/17/2023 20:57:58,125.837,-10
Svalbard,12/17/2023 20:56:09,12/17/2023 20:57:40,91.437,0
Svalbard,12/17/2023 22:33:23,12/17/2023 22:35:54,150.347,-20
Svalbard,12/17/2023 22:33:44,12/17/2023 22:35:33,108.577,-10
Svalbard,12/18/2023 00:11:07,12/18/2023 00:13:33,146.945,-20
Svalbard,12/18/2023 00:11:20,12/18/2023 00:13:20,120.154,-10
Svalbard,12/18/2023 00:11:47,12/18/2023 00:12:53,66.221,0
Svalbard,12/18/2023 01:49:13,12/18/2023 01:51:13,120.119,0
Svalbard,12/18/2023 01:49:14,12/18/2023 01:51:12,118.77,-10
Svalbard,12/18/2023 01:49:21,12/18/2023 01:51:06,104.606,10
Svalbard,12/18/2023 01:49:23,12/18/2023 01:51:03,99.542,-20
Svalbard,12/18/2023 01:49:41,12/18/2023 01:50:47,65.938,20
Svalbard,12/18/2023 03:27:15,12/18/2023 03:29:46,151.574,20
Svalbard,12/18/2023 03:27:34,12/18/2023 03:29:25,110.772,10
Fairbanks,12/18/2023 03:37:56,12/18/2023 03:39:14,77.118,20
Fairbanks,12/18/2023 05:15:46,12/18/2023 05:18:06,139.969,-20
Fairbanks,12/18/2023 05:15:52,12/18/2023 05:17:57,125.116,-10
Fairbanks,12/18/2023 05:16:09,12/18/2023 05:17:33,84.225,0
Fairbanks,12/18/2023 13:19:29,12/18/2023 13:21:12,102.585,-20
Fairbanks,12/18/2023 14:56:55,12/18/2023 14:59:18,142.896,20
Fairbanks,12/18/2023 14:57:03,12/18/2023 14:59:07,124.927,10
Fairbanks,12/18/2023 14:57:21,12/18/2023 14:58:47,85.485,0
Svalbard,12/18/2023 16:46:49,12/18/2023 16:47:39,49.635,20
Svalbard,12/18/2023 18:24:43,12/18/2023 18:27:11,148.174,20
Svalbard,12/18/2023 18:24:57,12/18/2023 18:26:58,120.548,10
Svalbard,12/18/2023 18:25:25,12/18/2023 18:26:30,64.992,0
Svalbard,12/18/2023 20:03:09,12/18/2023 20:05:12,123.262,-10
Svalbard,12/18/2023 20:03:12,12/18/2023 20:05:09,117.325,0
Svalbard,12/18/2023 20:03:15,12/18/2023 20:05:07,111.941,-20
Svalbard,12/18/2023 20:03:23,12/18/2023 20:04:57,93.539,10
Svalbard,12/18/2023 20:03:53,12/18/2023 20:04:17,24.456,20
Svalbard,12/18/2023 21:40:47,12/18/2023 21:43:15,148.285,-20
Svalbard,12/18/2023 21:41:03,12/18/2023 21:43:00,117.272,-10
Svalbard,12/18/2023 21:41:34,12/18/2023 21:42:28,54.226,0
Svalbard,12/18/2023 23:18:27,12/18/2023 23:20:57,150.2,-20
Svalbard,12/18/2023 23:18:47,12/18/2023 23:20:37,109.936,-10
Svalbard,12/19/2023 00:56:19,12/19/2023 00:58:35,135.71,-20
Svalbard,12/19/2023 00:56:24,12/19/2023 00:58:31,127.096,-10
Svalbard,12/19/2023 00:56:38,12/19/2023 00:58:17,99.778,0
Svalbard,12/19/2023 00:57:09,12/19/2023 00:57:46,36.948,10
Svalbard,12/19/2023 02:34:27,12/19/2023 02:36:34,126.687,10
Svalbard,12/19/2023 02:34:29,12/19/2023 02:36:32,123.157,20
Svalbard,12/19/2023 02:34:34,12/19/2023 02:36:26,112.847,0
Svalbard,12/19/2023 02:34:50,12/19/2023 02:36:09,78.595,-10
Svalbard,12/19/2023 04:12:52,12/19/2023 04:15:09,136.812,20
Fairbanks,12/19/2023 04:22:50,12/19/2023 04:25:16,145.33,20
Fairbanks,12/19/2023 04:23:03,12/19/2023 04:25:05,122.705,10
Fairbanks,12/19/2023 04:23:27,12/19/2023 04:24:43,76.197,0
Fairbanks,12/19/2023 06:00:56,12/19/2023 06:02:33,96.703,-20
Punta Arenas,12/19/2023 11:52:54,12/19/2023 11:53:07,13.905,10
Fairbanks,12/19/2023 14:04:03,12/19/2023 14:06:26,142.762,-20
Fairbanks,12/19/2023 14:04:13,12/19/2023 14:06:17,123.785,-10
Fairbanks,12/19/2023 14:04:37,12/19/2023 14:05:58,80.123,0
Fairbanks,12/19/2023 15:42:47,12/19/2023 15:44:20,92.1,20
Svalbard,12/19/2023 17:31:40,12/19/2023 17:34:01,141.281,20
Svalbard,12/19/2023 19:10:17,12/19/2023 19:12:22,125.281,10
Svalbard,12/19/2023 19:10:20,12/19/2023 19:12:18,117.906,20
Svalbard,12/19/2023 19:10:22,12/19/2023 19:12:17,115.408,0
Svalbard,12/19/2023 19:10:37,12/19/2023 19:12:03,86.654,-10
Svalbard,12/19/2023 20:48:12,12/19/2023 20:50:30,137.677,-20
Svalbard,12/19/2023 20:48:18,12/19/2023 20:50:24,126.577,-10
Svalbard,12/19/2023 20:48:33,12/19/2023 20:50:09,96.242,0
Svalbard,12/19/2023 22:25:50,12/19/2023 22:28:21,150.234,-20
Svalbard,12/19/2023 22:26:11,12/19/2023 22:28:00,109.219,-10
Svalbard,12/20/2023 00:03:33,12/20/2023 00:06:00,147.803,-20
Svalbard,12/20/2023 00:03:47,12/20/2023 00:05:46,118.539,-10
Svalbard,12/20/2023 00:04:17,12/20/2023 00:05:17,59.539,0
Svalbard,12/20/2023 01:41:38,12/20/2023 01:43:39,121.624,-10
Svalbard,12/20/2023 01:41:39,12/20/2023 01:43:38,118.781,0
Svalbard,12/20/2023 01:41:45,12/20/2023 01:43:32,107.032,-20
Svalbard,12/20/2023 01:41:50,12/20/2023 01:43:28,98.614,10
Svalbard,12/20/2023 01:42:14,12/20/2023 01:43:04,50.345,20
Svalbard,12/20/2023 03:19:39,12/20/2023 03:22:09,150.021,20
Svalbard,12/20/2023 03:19:54,12/20/2023 03:21:52,117.011,10
Svalbard,12/20/2023 03:20:28,12/20/2023 03:21:17,48.911,0
Fairbanks,12/20/2023 05:08:17,12/20/2023 05:10:26,129.35,-20
Fairbanks,12/20/2023 05:08:18,12/20/2023 05:10:24,126.589,-10
Fairbanks,12/20/2023 05:08:27,12/20/2023 05:10:13,106.161,0
Fairbanks,12/20/2023 05:08:49,12/20/2023 05:09:28,39.106,10
Fairbanks,12/20/2023 13:12:31,12/20/2023 13:13:28,57.046,-20
Fairbanks,12/20/2023 14:49:24,12/20/2023 14:51:36,132.205,20
Fairbanks,12/20/2023 14:49:26,12/20/2023 14:51:33,127.403,10
Fairbanks,12/20/2023 14:49:36,12/20/2023 14:51:21,104.582,0
Fairbanks,12/20/2023 14:50:01,12/20/2023 14:50:55,54.408,-10
Svalbard,12/20/2023 18:17:05,12/20/2023 18:19:35,150.328,20
Svalbard,12/20/2023 18:17:23,12/20/2023 18:19:19,115.509,10
Svalbard,12/20/2023 18:18:00,12/20/2023 18:18:42,41.846,0
Svalbard,12/20/2023 19:55:35,12/20/2023 19:57:36,120.864,-10
Svalbard,12/20/2023 19:55:36,12/20/2023 19:57:35,119.029,0
Svalbard,12/20/2023 19:55:44,12/20/2023 19:57:29,105.202,-20
Svalbard,12/20/2023 19:55:45,12/20/2023 19:57:25,100.025,10
Svalbard,12/20/2023 19:56:08,12/20/2023 19:57:02,54.474,20
Svalbard,12/20/2023 21:33:14,12/20/2023 21:35:42,147.503,-20
Svalbard,12/20/2023 21:33:28,12/20/2023 21:35:27,118.828,-10
Svalbard,12/20/2023 21:33:57,12/20/2023 21:34:58,61.094,0
Svalbard,12/20/2023 23:10:54,12/20/2023 23:13:24,150.27,-20
Svalbard,12/20/2023 23:11:14,12/20/2023 23:13:04,109.038,-10
Svalbard,12/21/2023 00:48:44,12/21/2023 00:51:02,138.395,-20
Svalbard,12/21/2023 00:48:50,12/21/2023 00:50:57,126.51,-10
Svalbard,12/21/2023 00:49:06,12/21/2023 00:50:41,95.178,0
Svalbard,12/21/2023 02:26:52,12/21/2023 02:28:57,124.874,10
Svalbard,12/21/2023 02:26:56,12/21/2023 02:28:53,116.242,0
Svalbard,12/21/2023 02:26:57,12/21/2023 02:28:53,116.248,20
Svalbard,12/21/2023 02:27:10,12/21/2023 02:28:39,89.075,-10
Svalbard,12/21/2023 04:05:11,12/21/2023 04:07:34,142.694,20
Fairbanks,12/21/2023 04:15:12,12/21/2023 04:17:42,150.338,20
Fairbanks,12/21/2023 04:15:32,12/21/2023 04:17:24,111.892,10
Fairbanks,12/21/2023 04:16:18,12/21/2023 04:16:39,20.757,0
Fairbanks,12/21/2023 05:53:17,12/21/2023 05:55:31,134.221,-20
Punta Arenas,12/21/2023 11:45:53,12/21/2023 11:45:54,0.223,10
Fairbanks,12/21/2023 13:56:27,12/21/2023 13:58:55,148.329,-20
Fairbanks,12/21/2023 13:56:44,12/21/2023 13:58:40,115.779,-10
Fairbanks,12/21/2023 13:57:42,12/21/2023 13:58:07,25.394,0
Fairbanks,12/21/2023 15:34:55,12/21/2023 15:36:56,121.49,20
Svalbard,12/21/2023 17:24:05,12/21/2023 17:26:20,134.853,20
Svalbard,12/21/2023 19:02:40,12/21/2023 19:04:47,126.836,10
Svalbard,12/21/2023 19:02:41,12/21/2023 19:04:46,124.577,20
Svalbard,12/21/2023 19:02:48,12/21/2023 19:04:40,111.685,0
Svalbard,12/21/2023 19:03:06,12/21/2023 19:04:22,75.493,-10
Svalbard,12/21/2023 20:40:40,12/21/2023 20:42:55,134.836,-20
Svalbard,12/21/2023 20:40:43,12/21/2023 20:42:50,127.015,-10
Svalbard,12/21/2023 20:40:56,12/21/2023 20:42:37,100.667,0
Svalbard,12/21/2023 20:41:26,12/21/2023 20:42:03,37.388,10
Svalbard,12/21/2023 22:18:17,12/21/2023 22:20:47,150.066,-20
Svalbard,12/21/2023 22:18:37,12/21/2023 22:20:27,110.057,-10
Svalbard,12/21/2023 23:55:59,12/21/2023 23:58:27,148.468,-20
Svalbard,12/21/2023 23:56:15,12/21/2023 23:58:12,116.886,-10
Svalbard,12/21/2023 23:56:47,12/21/2023 23:57:40,52.415,0
Svalbard,12/22/2023 01:34:02,12/22/2023 01:36:06,123.81,-10
Svalbard,12/22/2023 01:34:06,12/22/2023 01:36:02,116.875,0
Svalbard,12/22/2023 01:34:07,12/22/2023 01:36:00,113.504,-20
Svalbard,12/22/2023 01:34:18,12/22/2023 01:35:50,91.87,10
Svalbard,12/22/2023 01:34:57,12/22/2023 01:35:18,20.643,20
Svalbard,12/22/2023 03:12:03,12/22/2023 03:14:31,147.583,20
Svalbard,12/22/2023 03:12:16,12/22/2023 03:14:17,121.596,10
Svalbard,12/22/2023 03:12:41,12/22/2023 03:13:51,69.173,0
Svalbard,12/22/2023 04:51:30,12/22/2023 04:52:28,58.905,20
Fairbanks,12/22/2023 05:00:45,12/22/2023 05:02:48,123.569,-10
Fairbanks,12/22/2023 05:00:48,12/22/2023 05:02:44,115.613,0
Fairbanks,12/22/2023 05:00:50,12/22/2023 05:02:42,111.691,-20
Fairbanks,12/22/2023 05:01:00,12/22/2023 05:02:25,84.341,10
Fairbanks,12/22/2023 13:05:28,12/22/2023 13:05:35,6.777,-20
Fairbanks,12/22/2023 14:41:51,12/22/2023 14:43:56,124.805,10
Fairbanks,12/22/2023 14:41:55,12/22/2023 14:43:51,115.307,0
Fairbanks,12/22/2023 14:41:56,12/22/2023 14:43:53,117.139,20
Fairbanks,12/22/2023 14:42:09,12/22/2023 14:43:36,87.113,-10
Svalbard,12/22/2023 18:09:28,12/22/2023 18:11:59,151.578,20
Svalbard,12/22/2023 18:09:50,12/22/2023 18:11:38,108.731,10
Svalbard,12/22/2023 19:48:01,12/22/2023 19:50:01,120.162,0
Svalbard,12/22/2023 19:48:02,12/22/2023 19:50:00,117.784,-10
Svalbard,12/22/2023 19:48:08,12/22/2023 19:49:53,105.779,10
Svalbard,12/22/2023 19:48:13,12/22/2023 19:49:50,97.4,-20
Svalbard,12/22/2023 19:48:26,12/22/2023 19:49:35,69.072,20
Svalbard,12/22/2023 21:25:41,12/22/2023 21:28:08,146.526,-20
Svalbard,12/22/2023 21:25:54,12/22/2023 21:27:54,120.341,-10
Svalbard,12/22/2023 21:26:20,12/22/2023 21:27:28,67.568,0
Svalbard,12/22/2023 23:03:21,12/22/2023 23:05:51,150.286,-20
Svalbard,12/22/2023 23:03:42,12/22/2023 23:05:30,108.343,-10
Svalbard,12/23/2023 00:41:09,12/23/2023 00:43:30,140.675,-20
Svalbard,12/23/2023 00:41:17,12/23/2023 00:43:22,125.627,-10
Svalbard,12/23/2023 00:41:35,12/23/2023 00:43:05,90.194,0
Svalbard,12/23/2023 02:19:18,12/23/2023 02:21:20,122.308,10
Svalbard,12/23/2023 02:19:20,12/23/2023 02:21:18,118.621,0
Svalbard,12/23/2023 02:19:25,12/23/2023 02:21:14,108.592,20
Svalbard,12/23/2023 02:19:30,12/23/2023 02:21:07,97.459,-10
Svalbard,12/23/2023 02:19:55,12/23/2023 02:20:42,46.63,-20
Svalbard,12/23/2023 03:57:31,12/23/2023 03:59:58,146.977,20
Svalbard,12/23/2023 03:58:19,12/23/2023 03:59:10,50.602,10
Fairbanks,12/23/2023 04:07:35,12/23/2023 04:10:05,150.789,20
Fairbanks,12/23/2023 04:08:05,12/23/2023 04:09:19,73.738,10
Fairbanks,12/23/2023 05:45:40,12/23/2023 05:48:04,143.452,-20
Fairbanks,12/23/2023 05:46:30,12/23/2023 05:46:35,5.254,-10
Punta Arenas,12/23/2023 11:37:54,12/23/2023 11:38:05,10.377,0
Fairbanks,12/23/2023 13:48:53,12/23/2023 13:51:23,150.232,-20
Fairbanks,12/23/2023 13:49:18,12/23/2023 13:51:00,101.648,-10
Fairbanks,12/23/2023 15:27:09,12/23/2023 15:29:27,138.59,20
Svalbard,12/23/2023 17:16:31,12/23/2023 17:18:38,126.437,20
Svalbard,12/23/2023 18:55:02,12/23/2023 18:57:13,130.545,20
Svalbard,12/23/2023 18:55:04,12/23/2023 18:57:11,127.574,10
Svalbard,12/23/2023 18:55:15,12/23/2023 18:57:01,106.741,0
Svalbard,12/23/2023 18:55:38,12/23/2023 18:56:39,60.746,-10
Svalbard,12/23/2023 20:33:07,12/23/2023 20:35:19,131.539,-20
Svalbard,12/23/2023 20:33:09,12/23/2023 20:35:16,127.109,-10
Svalbard,12/23/2023 20:33:20,12/23/2023 20:35:05,104.701,0
Svalbard,12/23/2023 20:33:45,12/23/2023 20:34:40,55.423,10
Svalbard,12/23/2023 22:10:44,12/23/2023 22:13:14,149.832,-20
Svalbard,12/23/2023 22:11:03,12/23/2023 22:12:55,111.079,-10
Svalbard,12/23/2023 23:48:25,12/23/2023 23:50:54,148.966,-20
Svalbard,12/23/2023 23:48:42,12/23/2023 23:50:37,115.238,-10
Svalbard,12/23/2023 23:49:18,12/23/2023 23:50:02,44.756,0
Svalbard,12/24/2023 01:26:26,12/24/2023 01:28:32,125.393,-10
Svalbard,12/24/2023 01:26:29,12/24/2023 01:28:28,119.121,-20
Svalbard,12/24/2023 01:26:32,12/24/2023 01:28:27,114.441,0
Svalbard,12/24/2023 01:26:47,12/24/2023 01:28:12,84.285,10
Svalbard,12/24/2023 03:04:28,12/24/2023 03:06:52,144.318,20
Svalbard,12/24/2023 03:04:37,12/24/2023 03:06:42,124.783,10
Svalbard,12/24/2023 03:04:58,12/24/2023 03:06:21,82.96,0
Svalbard,12/24/2023 04:43:37,12/24/2023 04:45:03,85.583,20
Fairbanks,12/24/2023 04:53:11,12/24/2023 04:55:11,119.814,0
Fairbanks,12/24/2023 04:53:14,12/24/2023 04:55:10,115.919,-10
Fairbanks,12/24/2023 04:53:17,12/24/2023 04:55:04,107.158,10
Fairbanks,12/24/2023 04:53:26,12/24/2023 04:55:00,93.859,-20
Fairbanks,12/24/2023 04:53:33,12/24/2023 04:54:30,56.218,20
Fairbanks,12/24/2023 14:34:18,12/24/2023 14:36:18,120.083,0
Fairbanks,12/24/2023 14:34:20,12/24/2023 14:36:17,117.407,10
Fairbanks,12/24/2023 14:34:24,12/24/2023 14:36:10,106.071,-10
Fairbanks,12/24/2023 14:34:31,12/24/2023 14:36:08,96.722,20
Fairbanks,12/24/2023 14:34:42,12/24/2023 14:35:52,70,-20
Svalbard,12/24/2023 18:01:50,12/24/2023 18:04:22,151.849,20
Svalbard,12/24/2023 18:02:17,12/24/2023 18:03:57,99.772,10
Svalbard,12/24/2023 19:40:25,12/24/2023 19:42:26,120.68,0
Svalbard,12/24/2023 19:40:29,12/24/2023 19:42:23,113.929,-10
Svalbard,12/24/2023 19:40:30,12/24/2023 19:42:21,110.855,10
Svalbard,12/24/2023 19:40:42,12/24/2023 19:42:10,88.239,-20
Svalbard,12/24/2023 19:40:45,12/24/2023 19:42:06,81.071,20
Svalbard,12/24/2023 21:18:08,12/24/2023 21:20:34,145.325,-20
Svalbard,12/24/2023 21:18:20,12/24/2023 21:20:22,121.779,-10
Svalbard,12/24/2023 21:18:44,12/24/2023 21:19:57,73.699,0
Svalbard,12/24/2023 22:55:47,12/24/2023 22:58:18,150.255,-20
Svalbard,12/24/2023 22:56:09,12/24/2023 22:57:57,107.874,-10
Svalbard,12/25/2023 00:33:34,12/25/2023 00:35:57,142.586,-20
Svalbard,12/25/2023 00:33:43,12/25/2023 00:35:48,124.489,-10
Svalbard,12/25/2023 00:34:04,12/25/2023 00:35:28,84.843,0
Svalbard,12/25/2023 02:11:43,12/25/2023 02:13:44,120.102,0
Svalbard,12/25/2023 02:11:44,12/25/2023 02:13:43,119.033,10
Svalbard,12/25/2023 02:11:51,12/25/2023 02:13:35,104.279,-10
Svalbard,12/25/2023 02:11:54,12/25/2023 02:13:34,100.119,20
Svalbard,12/25/2023 02:12:11,12/25/2023 02:13:16,65.054,-20
Svalbard,12/25/2023 03:49:52,12/25/2023 03:52:22,149.859,20
Svalbard,12/25/2023 03:50:30,12/25/2023 03:51:44,74.002,10
Fairbanks,12/25/2023 04:00:00,12/25/2023 04:02:26,146.084,20
Fairbanks,12/25/2023 04:00:48,12/25/2023 04:01:40,52.421,10
Fairbanks,12/25/2023 05:38:05,12/25/2023 05:40:34,148.407,-20
Fairbanks,12/25/2023 05:38:37,12/25/2023 05:39:31,53.515,-10
Punta Arenas,12/25/2023 11:30:08,12/25/2023 11:30:21,12.91,-10
Fairbanks,12/25/2023 13:41:21,12/25/2023 13:43:49,148.397,-20
Fairbanks,12/25/2023 13:42:11,12/25/2023 13:43:15,64.535,-10
Fairbanks,12/25/2023 15:19:27,12/25/2023 15:21:55,147.979,20
Fairbanks,12/25/2023 15:20:08,12/25/2023 15:21:11,63.317,10
Svalbard,12/25/2023 17:08:58,12/25/2023 17:10:54,115.545,20
Svalbard,12/25/2023 18:47:23,12/25/2023 18:49:39,135.819,20
Svalbard,12/25/2023 18:47:28,12/25/2023 18:49:35,127.419,10
Svalbard,12/25/2023 18:47:42,12/25/2023 18:49:22,100.327,0
Svalbard,12/25/2023 18:48:13,12/25/2023 18:48:51,38.38,-10
Svalbard,12/25/2023 20:25:35,12/25/2023 20:27:43,127.727,-20
Svalbard,12/25/2023 20:25:35,12/25/2023 20:27:42,126.815,-10
Svalbard,12/25/2023 20:25:44,12/25/2023 20:27:33,108.332,0
Svalbard,12/25/2023 20:26:05,12/25/2023 20:27:12,66.739,10
Svalbard,12/25/2023 22:03:11,12/25/2023 22:05:41,149.518,-20
Svalbard,12/25/2023 22:03:30,12/25/2023 22:05:22,112.263,-10
Svalbard,12/25/2023 22:04:12,12/25/2023 22:04:25,12.804,0
Svalbard,12/25/2023 23:40:52,12/25/2023 23:43:21,149.32,-20
Svalbard,12/25/2023 23:41:10,12/25/2023 23:43:03,113.639,-10
Svalbard,12/25/2023 23:41:48,12/25/2023 23:42:25,36.369,0
Svalbard,12/26/2023 01:18:51,12/26/2023 01:20:58,126.432,-10
Svalbard,12/26/2023 01:18:52,12/26/2023 01:20:56,123.994,-20
Svalbard,12/26/2023 01:18:59,12/26/2023 01:20:51,111.513,0
Svalbard,12/26/2023 01:19:17,12/26/2023 01:20:33,75.711,10
Svalbard,12/26/2023 02:56:54,12/26/2023 02:59:14,140.279,20
Svalbard,12/26/2023 02:57:00,12/26/2023 02:59:07,126.748,10
Svalbard,12/26/2023 02:57:16,12/26/2023 02:58:50,93.241,0
Svalbard,12/26/2023 04:35:49,12/26/2023 04:37:33,103.578,20
Fairbanks,12/26/2023 04:45:36,12/26/2023 04:47:35,118.6,10
Fairbanks,12/26/2023 04:45:37,12/26/2023 04:47:36,119.13,0
Fairbanks,12/26/2023 04:45:45,12/26/2023 04:47:22,97.149,20
Fairbanks,12/26/2023 04:45:46,12/26/2023 04:47:29,102.873,-10
Fairbanks,12/26/2023 04:46:06,12/26/2023 04:47:09,62.935,-20
Punta Arenas,12/26/2023 12:14:58,12/26/2023 12:15:08,10.353,20
Fairbanks,12/26/2023 14:26:43,12/26/2023 14:28:43,119.795,0
Fairbanks,12/26/2023 14:26:43,12/26/2023 14:28:41,117.98,-10
Fairbanks,12/26/2023 14:26:51,12/26/2023 14:28:36,104.876,10
Fairbanks,12/26/2023 14:26:52,12/26/2023 14:28:31,98.309,-20
Fairbanks,12/26/2023 14:27:19,12/26/2023 14:28:18,58.951,20
Svalbard,12/26/2023 17:54:13,12/26/2023 17:56:44,151.06,20
Svalbard,12/26/2023 17:54:46,12/26/2023 17:56:13,87.878,10
Svalbard,12/26/2023 19:32:50,12/26/2023 19:34:51,120.53,0
Svalbard,12/26/2023 19:32:53,12/26/2023 19:34:48,115.272,10
Svalbard,12/26/2023 19:32:56,12/26/2023 19:34:46,109.181,-10
Svalbard,12/26/2023 19:33:04,12/26/2023 19:34:36,91.458,20
Svalbard,12/26/2023 19:33:13,12/26/2023 19:34:30,77.223,-20
Svalbard,12/26/2023 21:10:35,12/26/2023 21:12:59,143.869,-20
Svalbard,12/26/2023 21:10:45,12/26/2023 21:12:49,123.1,-10
Svalbard,12/26/2023 21:11:07,12/26/2023 21:12:27,79.509,0
Svalbard,12/26/2023 22:48:14,12/26/2023 22:50:45,150.182,-20
Svalbard,12/26/2023 22:48:36,12/26/2023 22:50:23,107.651,-10
Svalbard,12/27/2023 00:26:00,12/27/2023 00:28:24,144.165,-20
Svalbard,12/27/2023 00:26:10,12/27/2023 00:28:14,123.141,-10
Svalbard,12/27/2023 00:26:33,12/27/2023 00:27:52,79.141,0
Svalbard,12/27/2023 02:04:08,12/27/2023 02:06:09,120.777,0
Svalbard,12/27/2023 02:04:11,12/27/2023 02:06:06,115.082,10
Svalbard,12/27/2023 02:04:13,12/27/2023 02:06:03,109.85,-10
Svalbard,12/27/2023 02:04:23,12/27/2023 02:05:54,90.697,20
Svalbard,12/27/2023 02:04:29,12/27/2023 02:05:47,78.479,-20
Svalbard,12/27/2023 03:42:14,12/27/2023 03:44:46,151.487,20
Svalbard,12/27/2023 03:42:45,12/27/2023 03:44:14,89.473,10
Fairbanks,12/27/2023 03:52:28,12/27/2023 03:54:43,135.155,20
Fairbanks,12/27/2023 05:30:32,12/27/2023 05:33:01,149.494,-20
Fairbanks,12/27/2023 05:30:54,12/27/2023 05:32:26,92.545,-10
Punta Arenas,12/27/2023 11:22:27,12/27/2023 11:22:41,13.967,-20
Fairbanks,12/27/2023 13:33:51,12/27/2023 13:36:14,142.593,-20
Fairbanks,12/27/2023 13:35:18,12/27/2023 13:35:19,0.217,-10
Fairbanks,12/27/2023 15:11:48,12/27/2023 15:14:20,151.468,20
Fairbanks,12/27/2023 15:12:14,12/27/2023 15:13:51,96.817,10
Svalbard,12/27/2023 17:01:27,12/27/2023 17:03:08,101.331,20
Svalbard,12/27/2023 18:39:45,12/27/2023 18:42:05,140.384,20
Svalbard,12/27/2023 18:39:52,12/27/2023 18:41:59,126.28,10
Svalbard,12/27/2023 18:40:10,12/27/2023 18:41:42,92.064,0
Svalbard,12/27/2023 20:18:01,12/27/2023 20:20:07,126.088,-10
Svalbard,12/27/2023 20:18:03,12/27/2023 20:20:06,123.339,-20
Svalbard,12/27/2023 20:18:08,12/27/2023 20:20:00,111.534,0
Svalbard,12/27/2023 20:18:26,12/27/2023 20:19:42,76.312,10
Svalbard,12/27/2023 21:55:38,12/27/2023 21:58:07,149.106,-20
Svalbard,12/27/2023 21:55:56,12/27/2023 21:57:49,113.58,-10
Svalbard,12/27/2023 21:56:34,12/27/2023 21:57:02,28.431,0
Svalbard,12/27/2023 23:33:18,12/27/2023 23:35:48,149.554,-20
Svalbard,12/27/2023 23:33:37,12/27/2023 23:35:29,112.133,-10
Svalbard,12/27/2023 23:34:20,12/27/2023 23:34:32,12.345,0
Svalbard,12/28/2023 01:11:16,12/28/2023 01:13:24,128.213,-20
Svalbard,12/28/2023 01:11:17,12/28/2023 01:13:24,126.978,-10
Svalbard,12/28/2023 01:11:27,12/28/2023 01:13:15,108.124,0
Svalbard,12/28/2023 01:11:48,12/28/2023 01:12:54,65.868,10
Svalbard,12/28/2023 02:49:20,12/28/2023 02:51:35,135.513,20
Svalbard,12/28/2023 02:49:23,12/28/2023 02:51:31,127.635,10
Svalbard,12/28/2023 02:49:36,12/28/2023 02:51:17,101.144,0
Svalbard,12/28/2023 02:50:06,12/28/2023 02:50:47,41.224,-10
Svalbard,12/28/2023 04:28:04,12/28/2023 04:30:01,116.983,20
Fairbanks,12/28/2023 04:37:58,12/28/2023 04:40:03,125.023,10
Fairbanks,12/28/2023 04:38:00,12/28/2023 04:39:59,119.655,20
Fairbanks,12/28/2023 04:38:05,12/28/2023 04:39:58,113.28,0
Fairbanks,12/28/2023 04:38:21,12/28/2023 04:39:43,82.16,-10
Fairbanks,12/28/2023 06:16:16,12/28/2023 06:16:20,3.846,-20
Punta Arenas,12/28/2023 12:07:48,12/28/2023 12:08:13,25.47,20
Fairbanks,12/28/2023 14:19:05,12/28/2023 14:21:10,124.688,-10
Fairbanks,12/28/2023 14:19:08,12/28/2023 14:21:06,117.653,-20
Fairbanks,12/28/2023 14:19:11,12/28/2023 14:21:06,114.601,0
Fairbanks,12/28/2023 14:19:26,12/28/2023 14:20:52,85.682,10
Svalbard,12/28/2023 17:46:37,12/28/2023 17:49:06,149.1,20
Svalbard,12/28/2023 17:47:16,12/28/2023 17:48:28,71.507,10
Svalbard,12/28/2023 19:25:16,12/28/2023 19:27:15,119.029,10
Svalbard,12/28/2023 19:25:16,12/28/2023 19:27:15,119.646,0
Svalbard,12/28/2023 19:25:24,12/28/2023 19:27:07,103.381,-10
Svalbard,12/28/2023 19:25:24,12/28/2023 19:27:05,100.676,20
Svalbard,12/28/2023 19:25:44,12/28/2023 19:26:48,63.382,-20
Svalbard,12/28/2023 21:03:02,12/28/2023 21:05:24,142.12,-20
Svalbard,12/28/2023 21:03:11,12/28/2023 21:05:15,124.266,-10
Svalbard,12/28/2023 21:03:31,12/28/2023 21:04:56,85,0
Svalbard,12/28/2023 22:40:41,12/28/2023 22:43:11,150.07,-20
Svalbard,12/28/2023 22:41:02,12/28/2023 22:42:50,107.678,-10
Svalbard,12/29/2023 00:18:25,12/29/2023 00:20:51,145.448,-20
Svalbard,12/29/2023 00:18:38,12/29/2023 00:20:39,121.631,-10
Svalbard,12/29/2023 00:19:02,12/29/2023 00:20:15,73.093,0
Svalbard,12/29/2023 01:56:33,12/29/2023 01:58:34,120.725,0
Svalbard,12/29/2023 01:56:36,12/29/2023 01:58:30,114.383,-10
Svalbard,12/29/2023 01:56:38,12/29/2023 01:58:29,110.472,10
Svalbard,12/29/2023 01:56:48,12/29/2023 01:58:17,89.202,-20
Svalbard,12/29/2023 01:56:54,12/29/2023 01:58:14,80.081,20
Svalbard,12/29/2023 03:34:37,12/29/2023 03:37:09,151.982,20
Svalbard,12/29/2023 03:35:02,12/29/2023 03:36:42,100.793,10
Fairbanks,12/29/2023 03:45:00,12/29/2023 03:46:56,115.804,20
Fairbanks,12/29/2023 05:23:00,12/29/2023 05:25:27,146.899,-20
Fairbanks,12/29/2023 05:23:14,12/29/2023 05:25:11,116.762,-10
Fairbanks,12/29/2023 05:23:44,12/29/2023 05:24:07,23.26,0
Punta Arenas,12/29/2023 11:15:26,12/29/2023 11:15:31,4.754,-20
Fairbanks,12/29/2023 13:26:25,12/29/2023 13:28:37,132.346,-20
Fairbanks,12/29/2023 15:04:12,12/29/2023 15:06:42,149.989,20
Fairbanks,12/29/2023 15:04:29,12/29/2023 15:06:23,114.609,10
Fairbanks,12/29/2023 15:05:24,12/29/2023 15:05:45,21.311,0
Svalbard,12/29/2023 16:53:57,12/29/2023 16:55:20,82.055,20
Svalbard,12/29/2023 18:32:06,12/29/2023 18:34:31,144.205,20
Svalbard,12/29/2023 18:32:17,12/29/2023 18:34:21,124.038,10
Svalbard,12/29/2023 18:32:39,12/29/2023 18:34:00,81.319,0
Svalbard,12/29/2023 20:10:27,12/29/2023 20:12:32,124.871,-10
Svalbard,12/29/2023 20:10:31,12/29/2023 20:12:29,118.3,-20
Svalbard,12/29/2023 20:10:32,12/29/2023 20:12:27,114.282,0
Svalbard,12/29/2023 20:10:47,12/29/2023 20:12:12,84.662,10
Svalbard,12/29/2023 21:48:05,12/29/2023 21:50:33,148.579,-20
Svalbard,12/29/2023 21:48:22,12/29/2023 21:50:17,114.997,-10
Svalbard,12/29/2023 21:48:57,12/29/2023 21:49:38,41.196,0
Svalbard,12/29/2023 23:25:45,12/29/2023 23:28:15,149.686,-20
Svalbard,12/29/2023 23:26:05,12/29/2023 23:27:55,110.757,-10
Svalbard,12/30/2023 01:03:40,12/30/2023 01:05:52,131.853,-20
Svalbard,12/30/2023 01:03:43,12/30/2023 01:05:50,127.088,-10
Svalbard,12/30/2023 01:03:54,12/30/2023 01:05:39,104.303,0
Svalbard,12/30/2023 01:04:19,12/30/2023 01:05:14,54.18,10
Svalbard,12/30/2023 02:41:47,12/30/2023 02:43:57,130.048,20
Svalbard,12/30/2023 02:41:47,12/30/2023 02:43:55,127.557,10
Svalbard,12/30/2023 02:41:57,12/30/2023 02:43:44,107.259,0
Svalbard,12/30/2023 02:42:19,12/30/2023 02:43:22,62.301,-10
Svalbard,12/30/2023 04:20:20,12/30/2023 04:22:28,127.287,20
Fairbanks,12/30/2023 04:30:17,12/30/2023 04:32:31,133.775,20
Fairbanks,12/30/2023 04:30:21,12/30/2023 04:32:28,126.617,10
Fairbanks,12/30/2023 04:30:35,12/30/2023 04:32:16,101.17,0
Fairbanks,12/30/2023 04:31:04,12/30/2023 04:31:48,44.269,-10
Fairbanks,12/30/2023 06:08:25,12/30/2023 06:09:07,42.34,-20
Punta Arenas,12/30/2023 12:00:42,12/30/2023 12:00:57,14.173,20
Fairbanks,12/30/2023 14:11:27,12/30/2023 14:13:39,131.659,-20
Fairbanks,12/30/2023 14:11:30,12/30/2023 14:13:37,126.803,-10
Fairbanks,12/30/2023 14:11:42,12/30/2023 14:13:26,103.998,0
Fairbanks,12/30/2023 14:12:23,12/30/2023 14:13:02,39.1,10
Svalbard,12/30/2023 17:39:01,12/30/2023 17:41:27,145.845,20
Svalbard,12/30/2023 17:39:51,12/30/2023 17:40:37,46.013,10
Svalbard,12/30/2023 19:17:39,12/30/2023 19:19:41,122.106,10
Svalbard,12/30/2023 19:17:41,12/30/2023 19:19:39,117.949,0
Svalbard,12/30/2023 19:17:45,12/30/2023 19:19:34,108.956,20
Svalbard,12/30/2023 19:17:52,12/30/2023 19:19:28,96.309,-10
Svalbard,12/30/2023 19:18:18,12/30/2023 19:19:02,44.112,-20
Svalbard,12/30/2023 20:55:30,12/30/2023 20:57:50,140.049,-20
Svalbard,12/30/2023 20:55:37,12/30/2023 20:57:42,125.229,-10
Svalbard,12/30/2023 20:55:54,12/30/2023 20:57:24,90.159,0
Svalbard,12/30/2023 22:33:08,12/30/2023 22:35:38,149.92,-20
Svalbard,12/30/2023 22:33:29,12/30/2023 22:35:17,107.954,-10
Svalbard,12/31/2023 00:10:51,12/31/2023 00:13:18,146.471,-20
Svalbard,12/31/2023 00:11:05,12/31/2023 00:13:05,120,-10
Svalbard,12/31/2023 00:11:32,12/31/2023 00:12:38,66.69,0
Svalbard,12/31/2023 01:48:58,12/31/2023 01:50:58,120.008,0
Svalbard,12/31/2023 01:48:59,12/31/2023 01:50:57,118.033,-10
Svalbard,12/31/2023 01:49:06,12/31/2023 01:50:51,105.202,10
Svalbard,12/31/2023 01:49:09,12/31/2023 01:50:47,98.127,-20
Svalbard,12/31/2023 01:49:25,12/31/2023 01:50:33,67.791,20
Svalbard,12/31/2023 03:27:00,12/31/2023 03:29:31,151.445,20
Svalbard,12/31/2023 03:27:20,12/31/2023 03:29:10,109.327,10
Fairbanks,12/31/2023 03:37:39,12/31/2023 03:39:01,81.901,20
Fairbanks,12/31/2023 05:15:30,12/31/2023 05:17:50,140.656,-20
Fairbanks,12/31/2023 05:15:37,12/31/2023 05:17:41,123.811,-10
Fairbanks,12/31/2023 05:15:55,12/31/2023 05:17:04,68.436,0
Fairbanks,12/31/2023 13:19:01,12/31/2023 13:20:57,116.652,-20
Fairbanks,12/31/2023 14:56:39,12/31/2023 14:59:03,144.067,20
Fairbanks,12/31/2023 14:56:48,12/31/2023 14:58:52,123.975,10
Fairbanks,12/31/2023 14:57:19,12/31/2023 14:58:30,70.75,0
Svalbard,12/31/2023 16:46:33,12/31/2023 16:47:26,52.389,20
Svalbard,12/31/2023 18:24:28,12/31/2023 18:26:56,147.238,20
Svalbard,12/31/2023 18:24:42,12/31/2023 18:26:43,120.549,10
Svalbard,12/31/2023 18:25:09,12/31/2023 18:26:16,66.828,0
Svalbard,12/31/2023 20:02:54,12/31/2023 20:04:57,123.115,-10
Svalbard,12/31/2023 20:02:57,12/31/2023 20:04:53,116.539,0
Svalbard,12/31/2023 20:02:59,12/31/2023 20:04:52,112.519,-20
Svalbard,12/31/2023 20:03:09,12/31/2023 20:04:41,92.045,10
Svalbard,12/31/2023 20:03:40,12/31/2023 20:03:48,8.27,20
Svalbard,12/31/2023 21:40:32,12/31/2023 21:43:00,147.915,-20
Svalbard,12/31/2023 21:40:47,12/31/2023 21:42:44,116.47,-10
Svalbard,12/31/2023 21:41:19,12/31/2023 21:42:12,52.291,0
Svalbard,12/31/2023 23:18:12,12/31/2023 23:20:41,149.739,-20
Svalbard,12/31/2023 23:18:32,12/31/2023 23:20:21,109.541,-10
Svalbard,01/01/2024 00:56:04,01/01/2024 00:58:19,134.978,-20
Svalbard,01/01/2024 00:56:09,01/01/2024 00:58:15,126.807,-10
Svalbard,01/01/2024 00:56:22,01/01/2024 00:58:02,100.067,0
Svalbard,01/01/2024 00:56:53,01/01/2024 00:57:32,39.165,10
Svalbard,01/01/2024 02:34:12,01/01/2024 02:36:19,126.605,10
Svalbard,01/01/2024 02:34:14,01/01/2024 02:36:18,123.899,20
Svalbard,01/01/2024 02:34:19,01/01/2024 02:36:11,111.94,0
Svalbard,01/01/2024 02:34:36,01/01/2024 02:35:53,76.5,-10
Svalbard,01/01/2024 04:12:38,01/01/2024 04:14:54,135.243,20
Fairbanks,01/01/2024 04:22:36,01/01/2024 04:24:59,143.566,20
Fairbanks,01/01/2024 04:22:47,01/01/2024 04:24:50,122.988,10
Fairbanks,01/01/2024 04:23:10,01/01/2024 04:24:29,79.775,0
Fairbanks,01/01/2024 06:00:42,01/01/2024 06:01:56,73.944,-20
Punta Arenas,01/01/2024 11:52:24,01/01/2024 11:52:47,22.544,10
Fairbanks,01/01/2024 14:03:48,01/01/2024 14:06:10,141.467,-20
Fairbanks,01/01/2024 14:03:58,01/01/2024 14:06:02,124.387,-10
Fairbanks,01/01/2024 14:04:18,01/01/2024 14:05:44,86.291,0
Fairbanks,01/01/2024 15:42:36,01/01/2024 15:44:01,85.441,20
Svalbard,01/01/2024 17:31:25,01/01/2024 17:33:46,141.133,20
Svalbard,01/01/2024 19:10:02,01/01/2024 19:12:06,124.469,10
Svalbard,01/01/2024 19:10:05,01/01/2024 19:12:02,116.424,20
Svalbard,01/01/2024 19:10:07,01/01/2024 19:12:02,115.345,0
Svalbard,01/01/2024 19:10:21,01/01/2024 19:11:48,87.633,-10
Svalbard,01/01/2024 20:47:57,01/01/2024 20:50:14,137.619,-20
Svalbard,01/01/2024 20:48:02,01/01/2024 20:50:08,125.949,-10
Svalbard,01/01/2024 20:48:18,01/01/2024 20:49:53,94.968,0
Svalbard,01/01/2024 22:25:35,01/01/2024 22:28:05,149.731,-20
Svalbard,01/01/2024 22:25:56,01/01/2024 22:27:44,108.467,-10
Svalbard,01/02/2024 00:03:17,01/02/2024 00:05:45,147.269,-20
Svalbard,01/02/2024 00:03:32,01/02/2024 00:05:30,118.29,-10
Svalbard,01/02/2024 00:04:01,01/02/2024 00:05:01,59.898,0
Svalbard,01/02/2024 01:41:23,01/02/2024 01:43:24,120.915,-10
Svalbard,01/02/2024 01:41:24,01/02/2024 01:43:23,118.679,0
Svalbard,01/02/2024 01:41:30,01/02/2024 01:43:16,105.719,-20
Svalbard,01/02/2024 01:41:34,01/02/2024 01:43:13,99.25,10
Svalbard,01/02/2024 01:41:57,01/02/2024 01:42:50,52.742,20
Svalbard,01/02/2024 03:19:24,01/02/2024 03:21:54,149.962,20
Svalbard,01/02/2024 03:19:40,01/02/2024 03:21:36,115.764,10
Svalbard,01/02/2024 03:20:16,01/02/2024 03:21:00,44.055,0
Fairbanks,01/02/2024 05:08:01,01/02/2024 05:10:11,130.643,-20
Fairbanks,01/02/2024 05:08:02,01/02/2024 05:10:08,125.985,-10
Fairbanks,01/02/2024 05:08:13,01/02/2024 05:09:56,103.519,0
Fairbanks,01/02/2024 05:08:37,01/02/2024 05:08:59,22.517,10
Fairbanks,01/02/2024 13:12:04,01/02/2024 13:13:14,69.58,-20
Fairbanks,01/02/2024 14:49:08,01/02/2024 14:51:22,133.949,20
Fairbanks,01/02/2024 14:49:11,01/02/2024 14:51:18,127.198,10
Fairbanks,01/02/2024 14:49:22,01/02/2024 14:51:04,102.148,0
Fairbanks,01/02/2024 14:49:50,01/02/2024 14:50:36,46.424,-10
Svalbard,01/02/2024 18:16:50,01/02/2024 18:19:20,149.428,20
Svalbard,01/02/2024 18:17:08,01/02/2024 18:19:03,115.617,10
Svalbard,01/02/2024 18:17:43,01/02/2024 18:18:28,45.017,0
Svalbard,01/02/2024 19:55:20,01/02/2024 19:57:21,120.76,-10
Svalbard,01/02/2024 19:55:21,01/02/2024 19:57:19,118.273,0
Svalbard,01/02/2024 19:55:28,01/02/2024 19:57:14,105.881,-20
Svalbard,01/02/2024 19:55:31,01/02/2024 19:57:09,98.605,10
Svalbard,01/02/2024 19:55:54,01/02/2024 19:56:36,42.341,20
Svalbard,01/02/2024 21:32:59,01/02/2024 21:35:26,147.094,-20
Svalbard,01/02/2024 21:33:13,01/02/2024 21:35:11,117.96,-10
Svalbard,01/02/2024 21:33:42,01/02/2024 21:34:42,59.223,0
Svalbard,01/02/2024 23:10:38,01/02/2024 23:13:08,149.729,-20
Svalbard,01/02/2024 23:10:59,01/02/2024 23:12:48,108.512,-10
Svalbard,01/03/2024 00:48:29,01/03/2024 00:50:47,137.645,-20
Svalbard,01/03/2024 00:48:35,01/03/2024 00:50:41,126.18,-10
Svalbard,01/03/2024 00:48:50,01/03/2024 00:50:26,95.434,0
Svalbard,01/03/2024 02:26:37,01/03/2024 02:28:42,124.845,10
Svalbard,01/03/2024 02:26:41,01/03/2024 02:28:38,117.057,20
Svalbard,01/03/2024 02:26:42,01/03/2024 02:28:37,115.427,0
Svalbard,01/03/2024 02:26:55,01/03/2024 02:28:23,87.297,-10
Svalbard,01/03/2024 04:04:57,01/03/2024 04:07:18,141.296,20
Fairbanks,01/03/2024 04:14:57,01/03/2024 04:17:26,149.095,20
Fairbanks,01/03/2024 04:15:16,01/03/2024 04:17:09,113.077,10
Fairbanks,01/03/2024 04:15:56,01/03/2024 04:16:30,34.433,0
Fairbanks,01/03/2024 05:53:02,01/03/2024 05:54:47,104.224,-20
Punta Arenas,01/03/2024 11:45:20,01/03/2024 11:45:36,15.33,10
Fairbanks,01/03/2024 13:56:12,01/03/2024 13:58:39,147.482,-20
Fairbanks,01/03/2024 13:56:28,01/03/2024 13:58:25,117.06,-10
Fairbanks,01/03/2024 13:57:18,01/03/2024 13:57:55,36.736,0
Fairbanks,01/03/2024 15:34:42,01/03/2024 15:36:40,117.535,20
Svalbard,01/03/2024 17:23:50,01/03/2024 17:26:05,134.753,20
Svalbard,01/03/2024 19:02:25,01/03/2024 19:04:31,126.076,10
Svalbard,01/03/2024 19:02:26,01/03/2024 19:04:29,123.148,20
Svalbard,01/03/2024 19:02:33,01/03/2024 19:04:24,111.711,0
Svalbard,01/03/2024 19:02:50,01/03/2024 19:04:07,76.773,-10
Svalbard,01/03/2024 20:40:24,01/03/2024 20:42:39,134.792,-20
Svalbard,01/03/2024 20:40:28,01/03/2024 20:42:35,126.382,-10
Svalbard,01/03/2024 20:40:41,01/03/2024 20:42:21,99.412,0
Svalbard,01/03/2024 20:41:12,01/03/2024 20:41:30,18.269,10
Svalbard,01/03/2024 22:18:02,01/03/2024 22:20:31,149.495,-20
Svalbard,01/03/2024 22:18:22,01/03/2024 22:20:11,109.197,-10
Svalbard,01/03/2024 23:55:44,01/03/2024 23:58:11,147.873,-20
Svalbard,01/03/2024 23:55:59,01/03/2024 23:57:56,116.541,-10
Svalbard,01/03/2024 23:56:31,01/03/2024 23:57:24,52.654,0
Svalbard,01/04/2024 01:33:47,01/04/2024 01:35:50,123.119,-10
Svalbard,01/04/2024 01:33:50,01/04/2024 01:35:47,116.782,0
Svalbard,01/04/2024 01:33:52,01/04/2024 01:35:44,112.26,-20
Svalbard,01/04/2024 01:34:03,01/04/2024 01:35:35,92.564,10
Svalbard,01/04/2024 01:34:42,01/04/2024 01:35:05,23.078,20
Svalbard,01/04/2024 03:11:48,01/04/2024 03:14:16,147.597,20
Svalbard,01/04/2024 03:12:01,01/04/2024 03:14:02,120.512,10
Svalbard,01/04/2024 03:12:28,01/04/2024 03:13:34,66.017,0
Svalbard,01/04/2024 04:51:19,01/04/2024 04:52:10,50.856,20
Fairbanks,01/04/2024 05:00:29,01/04/2024 05:02:33,123.641,-10
Fairbanks,01/04/2024 05:00:33,01/04/2024 05:02:27,113.856,0
Fairbanks,01/04/2024 05:00:33,01/04/2024 05:02:30,116.443,-20
Fairbanks,01/04/2024 05:00:47,01/04/2024 05:01:56,69.161,10
Fairbanks,01/04/2024 13:05:14,01/04/2024 13:05:23,8.725,-20
Fairbanks,01/04/2024 14:41:36,01/04/2024 14:43:41,125.271,10
Fairbanks,01/04/2024 14:41:40,01/04/2024 14:43:39,119.537,20
Fairbanks,01/04/2024 14:41:41,01/04/2024 14:43:35,113.85,0
Fairbanks,01/04/2024 14:41:56,01/04/2024 14:43:19,83.124,-10
Svalbard,01/04/2024 18:09:13,01/04/2024 18:11:43,150.715,20
Svalbard,01/04/2024 18:09:34,01/04/2024 18:11:23,108.969,10
Svalbard,01/04/2024 19:47:46,01/04/2024 19:49:45,119.444,0
Svalbard,01/04/2024 19:47:47,01/04/2024 19:49:44,117.736,-10
Svalbard,01/04/2024 19:47:53,01/04/2024 19:49:37,104.427,10
Svalbard,01/04/2024 19:47:57,01/04/2024 19:49:35,98.212,-20
Svalbard,01/04/2024 19:48:11,01/04/2024 19:49:16,64.566,20
Svalbard,01/04/2024 21:25:26,01/04/2024 21:27:52,146.092,-20
Svalbard,01/04/2024 21:25:39,01/04/2024 21:27:38,119.427,-10
Svalbard,01/04/2024 21:26:06,01/04/2024 21:27:11,65.756,0
Svalbard,01/04/2024 23:03:05,01/04/2024 23:05:35,149.669,-20
Svalbard,01/04/2024 23:03:26,01/04/2024 23:05:14,107.691,-10
Svalbard,01/05/2024 00:40:54,01/05/2024 00:43:14,139.902,-20
Svalbard,01/05/2024 00:41:01,01/05/2024 00:43:07,125.252,-10
Svalbard,01/05/2024 00:41:19,01/05/2024 00:42:49,90.414,0
Svalbard,01/05/2024 02:19:03,01/05/2024 02:21:05,122.334,10
Svalbard,01/05/2024 02:19:05,01/05/2024 02:21:03,117.884,0
Svalbard,01/05/2024 02:19:10,01/05/2024 02:20:59,109.486,20
Svalbard,01/05/2024 02:19:15,01/05/2024 02:20:51,95.889,-10
Svalbard,01/05/2024 02:19:42,01/05/2024 02:20:25,42.65,-20
Svalbard,01/05/2024 03:57:17,01/05/2024 03:59:43,145.741,20
Svalbard,01/05/2024 03:58:07,01/05/2024 03:58:51,44.003,10
Fairbanks,01/05/2024 04:07:20,01/05/2024 04:09:50,150.092,20
Fairbanks,01/05/2024 04:07:49,01/05/2024 04:09:23,94.426,10
Fairbanks,01/05/2024 05:45:25,01/05/2024 05:47:41,136.136,-20
Punta Arenas,01/05/2024 11:37:24,01/05/2024 11:37:45,21.008,0
Fairbanks,01/05/2024 13:48:37,01/05/2024 13:51:07,149.809,-20
Fairbanks,01/05/2024 13:49:01,01/05/2024 13:50:45,103.809,-10
Fairbanks,01/05/2024 15:26:55,01/05/2024 15:29:11,136.029,20
Svalbard,01/05/2024 17:16:16,01/05/2024 17:18:23,126.399,20
Svalbard,01/05/2024 18:54:47,01/05/2024 18:56:56,129.165,20
Svalbard,01/05/2024 18:54:49,01/05/2024 18:56:56,126.869,10
Svalbard,01/05/2024 18:54:59,01/05/2024 18:56:46,106.884,0
Svalbard,01/05/2024 18:55:22,01/05/2024 18:56:24,62.562,-10
Svalbard,01/05/2024 20:32:52,01/05/2024 20:35:03,131.527,-20
Svalbard,01/05/2024 20:32:54,01/05/2024 20:35:00,126.487,-10
Svalbard,01/05/2024 20:33:05,01/05/2024 20:34:49,103.472,0
Svalbard,01/05/2024 20:33:30,01/05/2024 20:34:13,42.291,10
Svalbard,01/05/2024 22:10:29,01/05/2024 22:12:58,149.206,-20
Svalbard,01/05/2024 22:10:48,01/05/2024 22:12:38,110.124,-10
Svalbard,01/05/2024 23:48:10,01/05/2024 23:50:38,148.312,-20
Svalbard,01/05/2024 23:48:27,01/05/2024 23:50:22,114.796,-10
Svalbard,01/05/2024 23:49:02,01/05/2024 23:49:47,44.83,0
Svalbard,01/06/2024 01:26:11,01/06/2024 01:28:16,124.714,-10
Svalbard,01/06/2024 01:26:14,01/06/2024 01:28:12,117.927,-20
Svalbard,01/06/2024 01:26:17,01/06/2024 01:28:11,114.355,0
Svalbard,01/06/2024 01:26:32,01/06/2024 01:27:57,85.052,10
Svalbard,01/06/2024 03:04:13,01/06/2024 03:06:37,144.41,20
Svalbard,01/06/2024 03:04:23,01/06/2024 03:06:27,123.841,10
Svalbard,01/06/2024 03:04:44,01/06/2024 03:06:05,80.505,0
Svalbard,01/06/2024 04:43:25,01/06/2024 04:44:45,80.445,20
Fairbanks,01/06/2024 04:52:56,01/06/2024 04:54:55,118.793,0
Fairbanks,01/06/2024 04:52:58,01/06/2024 04:54:55,116.709,-10
Fairbanks,01/06/2024 04:53:03,01/06/2024 04:54:46,103.516,10
Fairbanks,01/06/2024 04:53:08,01/06/2024 04:54:45,96.886,-20
Fairbanks,01/06/2024 04:53:20,01/06/2024 04:54:00,39.402,20
Fairbanks,01/06/2024 14:34:03,01/06/2024 14:36:02,119.378,0
Fairbanks,01/06/2024 14:34:04,01/06/2024 14:36:03,118.548,10
Fairbanks,01/06/2024 14:34:10,01/06/2024 14:35:54,103.425,-10
Fairbanks,01/06/2024 14:34:14,01/06/2024 14:35:54,100.029,20
Fairbanks,01/06/2024 14:34:29,01/06/2024 14:35:33,64.025,-20
Svalbard,01/06/2024 18:01:35,01/06/2024 18:04:06,151.03,20
Svalbard,01/06/2024 18:02:01,01/06/2024 18:03:42,100.19,10
Svalbard,01/06/2024 19:40:10,01/06/2024 19:42:10,120.011,0
Svalbard,01/06/2024 19:40:14,01/06/2024 19:42:08,113.961,-10
Svalbard,01/06/2024 19:40:15,01/06/2024 19:42:05,109.56,10
Svalbard,01/06/2024 19:40:26,01/06/2024 19:41:55,89.247,-20
Svalbard,01/06/2024 19:40:30,01/06/2024 19:41:49,78.977,20
Svalbard,01/06/2024 21:17:53,01/06/2024 21:20:18,144.882,-20
Svalbard,01/06/2024 21:18:04,01/06/2024 21:20:05,120.831,-10
Svalbard,01/06/2024 21:18:29,01/06/2024 21:19:41,71.931,0
Svalbard,01/06/2024 22:55:32,01/06/2024 22:58:02,149.57,-20
Svalbard,01/06/2024 22:55:53,01/06/2024 22:57:40,107.1,-10
Svalbard,01/07/2024 00:33:19,01/07/2024 00:35:41,141.791,-20
Svalbard,01/07/2024 00:33:28,01/07/2024 00:35:32,124.066,-10
Svalbard,01/07/2024 00:33:48,01/07/2024 00:35:13,85.015,0
Svalbard,01/07/2024 02:11:28,01/07/2024 02:13:28,119.433,0
Svalbard,01/07/2024 02:11:29,01/07/2024 02:13:28,119.113,10
Svalbard,01/07/2024 02:11:36,01/07/2024 02:13:19,102.865,-10
Svalbard,01/07/2024 02:11:38,01/07/2024 02:13:19,101.113,20
Svalbard,01/07/2024 02:11:57,01/07/2024 02:12:59,62.305,-20
