Svalbard,02/29/2024 22:46:51,02/29/2024 22:49:20,148.469,-20
Svalbard,03/01/2024 00:24:38,03/01/2024 00:26:59,141.423,-20
Svalbard,03/01/2024 00:24:48,03/01/2024 00:26:08,80.772,-10
Svalbard,03/01/2024 02:02:47,03/01/2024 02:04:46,118.692,0
Svalbard,03/01/2024 02:02:48,03/01/2024 02:04:45,116.574,10
Svalbard,03/01/2024 02:02:54,03/01/2024 02:04:38,104.239,-10
Svalbard,03/01/2024 02:03:12,03/01/2024 02:04:20,67.56,-20
Svalbard,03/01/2024 03:40:56,03/01/2024 03:43:23,147.86,20
Svalbard,03/01/2024 03:41:32,03/01/2024 03:42:46,74.562,10
Fairbanks,03/01/2024 03:51:03,03/01/2024 03:53:26,142.664,20
Fairbanks,03/01/2024 03:52:02,03/01/2024 03:52:29,26.28,10
Fairbanks,03/01/2024 05:29:08,03/01/2024 05:29:44,35.816,-20
Troll,03/01/2024 07:56:16,03/01/2024 07:57:42,86.359,0
Troll,03/01/2024 07:57:55,03/01/2024 07:58:03,8.167,10
Troll,03/01/2024 09:33:46,03/01/2024 09:35:11,85.45,20
Punta Arenas,03/01/2024 11:20:23,03/01/2024 11:21:12,49.428,-10
Punta Arenas,03/01/2024 11:20:53,03/01/2024 11:21:24,31.491,0
Punta Arenas,03/01/2024 11:22:04,03/01/2024 11:22:05,0.595,10
Troll,03/01/2024 14:25:21,03/01/2024 14:26:13,51.997,10
Fairbanks,03/01/2024 15:10:30,03/01/2024 15:12:57,146.515,20
Fairbanks,03/01/2024 15:11:07,03/01/2024 15:12:17,69.875,10
Svalbard,03/01/2024 17:00:03,03/01/2024 17:01:52,109.088,20
Svalbard,03/01/2024 18:38:25,03/01/2024 18:40:33,128.37,20
Svalbard,03/01/2024 18:38:30,03/01/2024 18:40:36,126.016,10
Svalbard,03/01/2024 18:38:45,03/01/2024 18:40:22,96.965,0
Svalbard,03/01/2024 18:39:21,03/01/2024 18:39:47,26.182,-10
Svalbard,03/01/2024 20:16:38,03/01/2024 20:18:44,125.455,-10
Svalbard,03/01/2024 20:16:38,03/01/2024 20:18:44,125.539,-20
Svalbard,03/01/2024 20:16:47,03/01/2024 20:17:17,29.842,0
Punta Arenas,03/01/2024 20:55:01,03/01/2024 20:56:52,111.355,20
Svalbard,03/01/2024 21:54:15,03/01/2024 21:56:43,147.892,-20
Svalbard,03/01/2024 23:31:55,03/01/2024 23:34:23,147.723,-20
Svalbard,03/02/2024 01:09:55,03/02/2024 01:12:00,125.048,-10
Svalbard,03/02/2024 01:09:55,03/02/2024 01:11:59,123.782,-20
Svalbard,03/02/2024 01:10:03,03/02/2024 01:11:00,56.838,0
Svalbard,03/02/2024 02:47:57,03/02/2024 02:50:15,137.647,20
Svalbard,03/02/2024 02:48:03,03/02/2024 02:50:08,125.269,10
Svalbard,03/02/2024 02:48:19,03/02/2024 02:49:52,93.474,0
Svalbard,03/02/2024 04:26:52,03/02/2024 04:28:34,102.381,20
Fairbanks,03/02/2024 04:36:37,03/02/2024 04:38:02,85.018,10
Fairbanks,03/02/2024 04:36:39,03/02/2024 04:38:37,117.487,0
Fairbanks,03/02/2024 04:36:50,03/02/2024 04:38:28,97.627,-10
Fairbanks,03/02/2024 04:37:14,03/02/2024 04:38:04,50.086,-20
Troll,03/02/2024 07:04:35,03/02/2024 07:04:57,21.585,-20
Troll,03/02/2024 08:41:35,03/02/2024 08:42:29,53.878,10
Troll,03/02/2024 08:41:50,03/02/2024 08:43:15,85.124,20
Punta Arenas,03/02/2024 12:05:29,03/02/2024 12:06:14,45.016,20
Troll,03/02/2024 13:32:38,03/02/2024 13:34:02,84.705,20
Fairbanks,03/02/2024 14:17:46,03/02/2024 14:19:45,118.412,-10
Fairbanks,03/02/2024 14:17:48,03/02/2024 14:19:45,117.101,0
Fairbanks,03/02/2024 14:17:54,03/02/2024 14:19:36,102.523,-20
Troll,03/02/2024 15:10:07,03/02/2024 15:11:32,85.21,0
Svalbard,03/02/2024 17:45:16,03/02/2024 17:47:45,149.258,20
Svalbard,03/02/2024 17:45:50,03/02/2024 17:47:12,81.895,10
Svalbard,03/02/2024 19:23:53,03/02/2024 19:25:52,119.337,0
Svalbard,03/02/2024 19:23:55,03/02/2024 19:25:18,83.077,10
Svalbard,03/02/2024 19:24:00,03/02/2024 19:25:46,106.711,-10
Svalbard,03/02/2024 19:24:17,03/02/2024 19:25:30,72.954,-20
Svalbard,03/02/2024 21:01:39,03/02/2024 21:04:01,142.237,-20
Svalbard,03/02/2024 21:01:48,03/02/2024 21:02:33,44.489,-10
Punta Arenas,03/02/2024 21:40:32,03/02/2024 21:41:31,58.045,-20
Svalbard,03/02/2024 22:39:18,03/02/2024 22:41:28,130.396,-20
Svalbard,03/03/2024 00:17:03,03/03/2024 00:19:26,143.048,-20
Svalbard,03/03/2024 00:17:14,03/03/2024 00:17:56,41.826,-10
Svalbard,03/03/2024 01:55:11,03/03/2024 01:57:10,119.336,0
Svalbard,03/03/2024 01:55:15,03/03/2024 01:56:57,102.52,10
Svalbard,03/03/2024 01:55:16,03/03/2024 01:57:05,109.663,-10
Svalbard,03/03/2024 01:55:30,03/03/2024 01:56:50,80.275,-20
Svalbard,03/03/2024 03:33:17,03/03/2024 03:35:47,149.57,20
Svalbard,03/03/2024 03:33:46,03/03/2024 03:35:16,89.733,10
Fairbanks,03/03/2024 03:43:32,03/03/2024 03:45:42,129.928,20
Fairbanks,03/03/2024 05:21:35,03/03/2024 05:22:36,60.971,-20
Troll,03/03/2024 07:49:01,03/03/2024 07:50:04,62.308,0
Troll,03/03/2024 07:49:11,03/03/2024 07:49:39,27.2,-10
Troll,03/03/2024 09:26:08,03/03/2024 09:27:47,99.381,20
Punta Arenas,03/03/2024 11:12:51,03/03/2024 11:13:27,36.034,-20
Punta Arenas,03/03/2024 11:13:08,03/03/2024 11:13:22,14.545,-10
Troll,03/03/2024 14:17:53,03/03/2024 14:19:25,92.493,20
Fairbanks,03/03/2024 15:02:52,03/03/2024 15:05:21,149.219,20
Fairbanks,03/03/2024 15:03:16,03/03/2024 15:04:55,99.484,10
Troll,03/03/2024 15:56:33,03/03/2024 15:56:50,16.574,-20
Svalbard,03/03/2024 16:52:32,03/03/2024 16:54:05,93.74,20
Svalbard,03/03/2024 18:30:46,03/03/2024 18:33:07,140.672,20
Svalbard,03/03/2024 18:30:55,03/03/2024 18:32:59,124.757,10
Svalbard,03/03/2024 18:31:13,03/03/2024 18:32:42,88.234,0
Svalbard,03/03/2024 20:09:04,03/03/2024 20:11:09,124.815,-10
Svalbard,03/03/2024 20:09:06,03/03/2024 20:11:07,121.164,-20
Svalbard,03/03/2024 20:09:11,03/03/2024 20:09:55,44.343,0
Punta Arenas,03/03/2024 20:47:58,03/03/2024 20:48:53,55.323,20
Svalbard,03/03/2024 21:46:41,03/03/2024 21:49:09,147.689,-20
Svalbard,03/03/2024 23:24:22,03/03/2024 23:26:50,148.117,-20
Svalbard,03/04/2024 01:02:19,03/04/2024 01:04:27,127.955,-20
Svalbard,03/04/2024 01:02:20,03/04/2024 01:04:26,125.622,-10
Svalbard,03/04/2024 02:40:23,03/04/2024 02:42:36,132.916,20
Svalbard,03/04/2024 02:40:26,03/04/2024 02:42:33,126.144,10
Svalbard,03/04/2024 02:40:39,03/04/2024 02:42:20,101.175,0
Svalbard,03/04/2024 02:41:06,03/04/2024 02:41:52,45.551,-10
Svalbard,03/04/2024 04:19:06,03/04/2024 04:21:02,116.039,20
Fairbanks,03/04/2024 04:28:59,03/04/2024 04:30:58,118.4,10
Fairbanks,03/04/2024 04:28:59,03/04/2024 04:29:59,59.979,20
Fairbanks,03/04/2024 04:29:08,03/04/2024 04:30:58,110.295,0
Fairbanks,03/04/2024 04:29:26,03/04/2024 04:30:40,74.076,-10
Troll,03/04/2024 08:33:51,03/04/2024 08:35:08,77.105,10
Troll,03/04/2024 08:34:30,03/04/2024 08:35:22,51.885,20
Punta Arenas,03/04/2024 11:57:33,03/04/2024 11:58:59,86.141,20
Troll,03/04/2024 13:25:16,03/04/2024 13:26:22,66.188,20
Fairbanks,03/04/2024 14:10:09,03/04/2024 14:12:13,123.94,-10
Fairbanks,03/04/2024 14:10:10,03/04/2024 14:12:10,120.284,-20
Fairbanks,03/04/2024 14:10:16,03/04/2024 14:12:07,110.645,0
Troll,03/04/2024 15:02:43,03/04/2024 15:03:49,66.14,0
Svalbard,03/04/2024 17:37:39,03/04/2024 17:40:06,147.159,20
Svalbard,03/04/2024 17:38:21,03/04/2024 17:39:25,63.683,10
Svalbard,03/04/2024 19:16:17,03/04/2024 19:17:55,97.532,10
Svalbard,03/04/2024 19:16:18,03/04/2024 19:18:16,118.433,0
Svalbard,03/04/2024 19:16:27,03/04/2024 19:18:08,100.77,-10
Svalbard,03/04/2024 19:16:49,03/04/2024 19:17:47,58.114,-20
Svalbard,03/04/2024 20:54:05,03/04/2024 20:56:26,140.63,-20
Svalbard,03/04/2024 20:54:14,03/04/2024 20:55:04,49.955,-10
Punta Arenas,03/04/2024 21:32:53,03/04/2024 21:34:00,66.407,-10
Svalbard,03/04/2024 22:31:45,03/04/2024 22:33:20,95.845,-20
Svalbard,03/05/2024 00:09:29,03/05/2024 00:11:53,144.422,-20
Svalbard,03/05/2024 00:09:41,03/05/2024 00:09:54,12.801,-10
Svalbard,03/05/2024 01:47:36,03/05/2024 01:49:35,119.28,0
Svalbard,03/05/2024 01:47:38,03/05/2024 01:49:32,114.117,-10
Svalbard,03/05/2024 01:47:42,03/05/2024 01:48:39,57.426,10
Svalbard,03/05/2024 01:47:50,03/05/2024 01:49:20,90.602,-20
Svalbard,03/05/2024 03:25:39,03/05/2024 03:28:10,150.151,20
Svalbard,03/05/2024 03:26:03,03/05/2024 03:27:44,100.904,10
Fairbanks,03/05/2024 03:36:05,03/05/2024 03:37:53,107.884,20
Fairbanks,03/05/2024 05:14:03,03/05/2024 05:15:37,94.103,-20
Fairbanks,03/05/2024 05:14:15,03/05/2024 05:14:17,2.207,-10
Troll,03/05/2024 07:41:19,03/05/2024 07:42:23,63.619,-10
Troll,03/05/2024 07:41:53,03/05/2024 07:42:39,45.457,0
Troll,03/05/2024 09:18:30,03/05/2024 09:20:21,111.048,20
Punta Arenas,03/05/2024 11:05:19,03/05/2024 11:06:05,45.945,-20
Punta Arenas,03/05/2024 11:06:38,03/05/2024 11:06:42,3.885,-20
Troll,03/05/2024 14:09:41,03/05/2024 14:11:51,129.445,20
Fairbanks,03/05/2024 14:55:16,03/05/2024 14:57:43,147,20
Fairbanks,03/05/2024 14:55:31,03/05/2024 14:57:26,115.477,10
Fairbanks,03/05/2024 14:56:02,03/05/2024 14:56:53,51.084,0
Troll,03/05/2024 15:47:47,03/05/2024 15:49:05,77.372,-20
Svalbard,03/05/2024 16:45:03,03/05/2024 16:46:16,72.419,20
Svalbard,03/05/2024 18:23:08,03/05/2024 18:25:32,144.444,20
Svalbard,03/05/2024 18:23:19,03/05/2024 18:25:22,122.387,10
Svalbard,03/05/2024 18:23:42,03/05/2024 18:24:59,76.785,0
Svalbard,03/05/2024 20:01:30,03/05/2024 20:03:34,123.679,-10
Svalbard,03/05/2024 20:01:34,03/05/2024 20:03:30,116.127,-20
Svalbard,03/05/2024 20:01:34,03/05/2024 20:02:33,58.872,0
Svalbard,03/05/2024 21:39:08,03/05/2024 21:41:35,147.379,-20
Svalbard,03/05/2024 23:16:48,03/05/2024 23:19:17,148.446,-20
Svalbard,03/06/2024 00:54:43,03/06/2024 00:56:54,131.599,-20
Svalbard,03/06/2024 00:54:46,03/06/2024 00:56:51,125.794,-10
Svalbard,03/06/2024 02:32:50,03/06/2024 02:34:53,123.39,20
Svalbard,03/06/2024 02:32:50,03/06/2024 02:34:56,126.072,10
Svalbard,03/06/2024 02:32:59,03/06/2024 02:34:46,107.171,0
Svalbard,03/06/2024 02:33:20,03/06/2024 02:34:25,64.9,-10
Svalbard,03/06/2024 04:11:22,03/06/2024 04:13:29,126.557,20
Fairbanks,03/06/2024 04:21:17,03/06/2024 04:22:58,101.085,20
Fairbanks,03/06/2024 04:21:23,03/06/2024 04:23:29,126.027,10
Fairbanks,03/06/2024 04:21:39,03/06/2024 04:23:15,96.332,0
Fairbanks,03/06/2024 04:22:17,03/06/2024 04:22:38,21.799,-10
Troll,03/06/2024 08:26:10,03/06/2024 08:27:43,93.137,10
Troll,03/06/2024 08:27:16,03/06/2024 08:28:14,57.369,20
Punta Arenas,03/06/2024 11:49:49,03/06/2024 11:52:06,137.397,20
Troll,03/06/2024 13:17:58,03/06/2024 13:18:37,39.236,20
Fairbanks,03/06/2024 14:02:29,03/06/2024 14:04:42,133.137,-20
Fairbanks,03/06/2024 14:02:34,03/06/2024 14:04:39,124.92,-10
Troll,03/06/2024 14:55:25,03/06/2024 14:56:40,75.198,10
Troll,03/06/2024 14:55:26,03/06/2024 14:55:59,33.7,0
Fairbanks,03/06/2024 15:41:53,03/06/2024 15:42:05,11.298,20
Svalbard,03/06/2024 17:30:03,03/06/2024 17:32:27,143.782,20
Svalbard,03/06/2024 17:30:59,03/06/2024 17:31:31,32.032,10
Svalbard,03/06/2024 19:08:40,03/06/2024 19:10:31,111.2,10
Svalbard,03/06/2024 19:08:43,03/06/2024 19:10:40,116.706,0
Svalbard,03/06/2024 19:08:55,03/06/2024 19:10:29,93.495,-10
Svalbard,03/06/2024 19:09:24,03/06/2024 19:10:00,36.105,-20
Svalbard,03/06/2024 20:46:32,03/06/2024 20:48:51,138.697,-20
Svalbard,03/06/2024 20:46:39,03/06/2024 20:47:36,56.501,-10
Punta Arenas,03/06/2024 21:25:11,03/06/2024 21:26:34,83.339,0
Svalbard,03/06/2024 22:24:11,03/06/2024 22:25:32,81.03,-20
Svalbard,03/07/2024 00:01:54,03/07/2024 00:04:20,145.575,-20
Svalbard,03/07/2024 01:40:01,03/07/2024 01:42:00,118.584,0
Svalbard,03/07/2024 01:40:01,03/07/2024 01:41:59,117.739,-10
Svalbard,03/07/2024 01:40:10,03/07/2024 01:41:50,99.296,-20
Svalbard,03/07/2024 03:18:02,03/07/2024 03:20:32,149.693,20
Svalbard,03/07/2024 03:18:22,03/07/2024 03:20:11,109.36,10
Fairbanks,03/07/2024 03:28:47,03/07/2024 03:29:55,67.593,20
Fairbanks,03/07/2024 05:06:33,03/07/2024 05:08:51,138.248,-20
Fairbanks,03/07/2024 05:06:39,03/07/2024 05:07:16,37.161,-10
Troll,03/07/2024 07:33:34,03/07/2024 07:34:58,83.993,-10
Troll,03/07/2024 07:34:48,03/07/2024 07:35:15,26.97,0
Troll,03/07/2024 09:10:54,03/07/2024 09:12:55,120.948,20
Punta Arenas,03/07/2024 10:58:41,03/07/2024 10:59:19,37.833,-20
Troll,03/07/2024 14:02:04,03/07/2024 14:04:15,130.74,20
Fairbanks,03/07/2024 14:47:43,03/07/2024 14:50:04,140.33,20
Fairbanks,03/07/2024 14:47:51,03/07/2024 14:49:54,123.572,10
Fairbanks,03/07/2024 14:48:09,03/07/2024 14:49:35,86.041,0
Troll,03/07/2024 15:40:27,03/07/2024 15:41:16,49.124,-20
Troll,03/07/2024 15:41:22,03/07/2024 15:41:41,18.287,-10
Svalbard,03/07/2024 16:37:42,03/07/2024 16:38:18,35.636,20
Svalbard,03/07/2024 18:15:30,03/07/2024 18:17:57,147.443,20
Svalbard,03/07/2024 18:15:44,03/07/2024 18:17:43,118.755,10
Svalbard,03/07/2024 18:16:14,03/07/2024 18:17:15,61.011,0
Svalbard,03/07/2024 19:53:56,03/07/2024 19:55:58,121.991,-10
Svalbard,03/07/2024 19:53:59,03/07/2024 19:55:12,73.485,0
Svalbard,03/07/2024 19:54:02,03/07/2024 19:55:52,110.323,-20
Svalbard,03/07/2024 21:31:35,03/07/2024 21:34:02,146.933,-20
Svalbard,03/07/2024 23:09:15,03/07/2024 23:10:41,86.702,-20
Svalbard,03/08/2024 00:47:07,03/08/2024 00:49:21,134.768,-20
Svalbard,03/08/2024 00:47:12,03/08/2024 00:49:17,125.608,-10
Svalbard,03/08/2024 02:25:15,03/08/2024 02:27:20,125.134,10
Svalbard,03/08/2024 02:25:17,03/08/2024 02:26:48,91.373,20
Svalbard,03/08/2024 02:25:21,03/08/2024 02:27:13,111.785,0
Svalbard,03/08/2024 02:25:37,03/08/2024 02:26:56,78.415,-10
Svalbard,03/08/2024 04:03:40,03/08/2024 04:05:55,134.691,20
Fairbanks,03/08/2024 04:13:36,03/08/2024 04:15:49,132.79,20
Fairbanks,03/08/2024 04:13:50,03/08/2024 04:15:51,121.098,10
Fairbanks,03/08/2024 04:14:15,03/08/2024 04:15:27,71.474,0
Troll,03/08/2024 08:18:31,03/08/2024 08:20:16,105.135,10
Punta Arenas,03/08/2024 11:42:44,03/08/2024 11:44:40,115.933,20
Punta Arenas,03/08/2024 11:42:46,03/08/2024 11:44:01,75.198,10
Fairbanks,03/08/2024 13:54:51,03/08/2024 13:57:13,141.951,-20
Troll,03/08/2024 14:47:16,03/08/2024 14:49:02,106.276,10
Fairbanks,03/08/2024 15:33:35,03/08/2024 15:35:06,90.698,20
Svalbard,03/08/2024 17:22:27,03/08/2024 17:24:46,138.959,20
Svalbard,03/08/2024 19:01:03,03/08/2024 19:03:08,124.36,10
Svalbard,03/08/2024 19:01:06,03/08/2024 19:01:37,31.024,20
Svalbard,03/08/2024 19:01:09,03/08/2024 19:03:03,114.053,0
Svalbard,03/08/2024 19:01:24,03/08/2024 19:02:48,84.495,-10
Svalbard,03/08/2024 20:39:00,03/08/2024 20:41:16,136.392,-20
Svalbard,03/08/2024 20:39:05,03/08/2024 20:40:09,64.345,-10
Punta Arenas,03/08/2024 21:17:23,03/08/2024 21:19:05,102.839,10
Svalbard,03/08/2024 22:16:38,03/08/2024 22:17:49,70.86,-20
Svalbard,03/08/2024 23:54:20,03/08/2024 23:56:47,146.534,-20
Svalbard,03/09/2024 01:32:25,03/09/2024 01:34:25,120.626,-10
Svalbard,03/09/2024 01:32:27,03/09/2024 01:34:24,117.297,0
Svalbard,03/09/2024 01:32:31,03/09/2024 01:34:18,106.748,-20
Svalbard,03/09/2024 03:10:26,03/09/2024 03:12:54,148.278,20
Svalbard,03/09/2024 03:10:42,03/09/2024 03:12:37,115.748,10
Svalbard,03/09/2024 03:11:15,03/09/2024 03:12:04,48.723,0
Fairbanks,03/09/2024 04:59:04,03/09/2024 05:00:20,76.178,-10
Fairbanks,03/09/2024 04:59:04,03/09/2024 05:01:12,127.364,-20
Troll,03/09/2024 07:26:08,03/09/2024 07:27:31,83.271,-10
Troll,03/09/2024 07:26:18,03/09/2024 07:27:05,47.198,-20
Troll,03/09/2024 09:03:18,03/09/2024 09:05:27,129.349,20
Punta Arenas,03/09/2024 10:51:47,03/09/2024 10:51:50,2.997,-20
Troll,03/09/2024 13:54:37,03/09/2024 13:56:39,121.932,20
Fairbanks,03/09/2024 14:40:13,03/09/2024 14:42:22,129.407,20
Fairbanks,03/09/2024 14:40:13,03/09/2024 14:42:19,125.725,10
Fairbanks,03/09/2024 14:40:23,03/09/2024 14:42:08,104.403,0
Fairbanks,03/09/2024 14:40:46,03/09/2024 14:41:44,57.497,-10
Troll,03/09/2024 15:32:34,03/09/2024 15:33:59,85.037,-10
Svalbard,03/09/2024 18:07:52,03/09/2024 18:10:21,149.616,20
Svalbard,03/09/2024 18:08:10,03/09/2024 18:10:04,113.648,10
Svalbard,03/09/2024 18:08:49,03/09/2024 18:09:25,35.369,0
Svalbard,03/09/2024 19:46:22,03/09/2024 19:48:22,119.681,-10
Svalbard,03/09/2024 19:46:23,03/09/2024 19:47:51,88.27,0
Svalbard,03/09/2024 19:46:31,03/09/2024 19:48:14,103.606,-20
Svalbard,03/09/2024 21:24:01,03/09/2024 21:26:28,146.325,-20
Svalbard,03/09/2024 23:01:41,03/09/2024 23:02:48,66.556,-20
Svalbard,03/10/2024 00:39:31,03/10/2024 00:41:49,137.507,-20
Svalbard,03/10/2024 00:39:38,03/10/2024 00:40:47,69.239,-10
Svalbard,03/10/2024 02:17:40,03/10/2024 02:19:43,123.4,10
Svalbard,03/10/2024 02:17:43,03/10/2024 02:19:39,115.231,0
Svalbard,03/10/2024 02:17:56,03/10/2024 02:19:25,88.829,-10
Svalbard,03/10/2024 02:18:34,03/10/2024 02:18:47,12.257,-20
Svalbard,03/10/2024 03:55:59,03/10/2024 03:58:20,140.882,20
Fairbanks,03/10/2024 04:05:58,03/10/2024 04:08:28,150.21,20
Fairbanks,03/10/2024 04:06:19,03/10/2024 04:08:09,109.507,10
Troll,03/10/2024 08:11:03,03/10/2024 08:12:47,104.841,10
Troll,03/10/2024 08:11:35,03/10/2024 08:12:05,29.336,0
Troll,03/10/2024 09:48:58,03/10/2024 09:49:30,32.554,20
Punta Arenas,03/10/2024 11:34:57,03/10/2024 11:36:45,108.924,10
Punta Arenas,03/10/2024 11:35:47,03/10/2024 11:37:08,80.99,20
Fairbanks,03/10/2024 13:47:15,03/10/2024 13:49:42,147.029,-20
Troll,03/10/2024 14:39:49,03/10/2024 14:41:23,94.083,10
Fairbanks,03/10/2024 15:25:42,03/10/2024 15:27:42,120.222,20
Svalbard,03/10/2024 17:14:52,03/10/2024 17:17:05,132.468,20
Svalbard,03/10/2024 18:53:27,03/10/2024 18:55:33,126.23,10
Svalbard,03/10/2024 18:53:27,03/10/2024 18:54:30,63.53,20
Svalbard,03/10/2024 18:53:35,03/10/2024 18:55:25,110.336,0
Svalbard,03/10/2024 18:53:54,03/10/2024 18:55:07,73.068,-10
Svalbard,03/10/2024 20:31:27,03/10/2024 20:33:40,133.667,-20
Svalbard,03/10/2024 20:31:30,03/10/2024 20:32:44,73.835,-10
Punta Arenas,03/10/2024 21:10:07,03/10/2024 21:11:24,77.733,10
Svalbard,03/10/2024 22:09:04,03/10/2024 22:10:08,63.269,-20
Svalbard,03/10/2024 23:46:46,03/10/2024 23:49:13,147.324,-20
Svalbard,03/11/2024 01:24:49,03/11/2024 01:26:52,122.861,-10
Svalbard,03/11/2024 01:24:53,03/11/2024 01:26:09,76.426,0
Svalbard,03/11/2024 01:24:53,03/11/2024 01:26:47,113.194,-20
Svalbard,03/11/2024 03:02:50,03/11/2024 03:05:16,145.978,20
Svalbard,03/11/2024 03:03:03,03/11/2024 03:05:03,120.458,10
Svalbard,03/11/2024 03:03:28,03/11/2024 03:04:37,68.946,0
Svalbard,03/11/2024 04:42:18,03/11/2024 04:43:13,55.099,20
Fairbanks,03/11/2024 04:51:31,03/11/2024 04:53:34,122.597,-10
Fairbanks,03/11/2024 04:51:34,03/11/2024 04:52:08,33.67,0
Fairbanks,03/11/2024 04:51:37,03/11/2024 04:53:29,112.027,-20
Troll,03/11/2024 07:18:28,03/11/2024 07:19:44,75.901,-20
Troll,03/11/2024 07:19:09,03/11/2024 07:20:02,52.416,-10
Troll,03/11/2024 08:55:42,03/11/2024 08:57:58,136.385,20
Troll,03/11/2024 13:47:11,03/11/2024 13:49:02,111.509,20
Fairbanks,03/11/2024 14:32:39,03/11/2024 14:34:42,122.798,10
Fairbanks,03/11/2024 14:32:43,03/11/2024 14:34:37,114.609,0
Fairbanks,03/11/2024 14:32:55,03/11/2024 14:34:23,88.293,-10
Fairbanks,03/11/2024 14:33:33,03/11/2024 14:33:44,11.372,-20
Troll,03/11/2024 15:25:09,03/11/2024 15:26:14,64.751,-10
Svalbard,03/11/2024 18:00:14,03/11/2024 18:02:45,150.907,20
Svalbard,03/11/2024 18:00:36,03/11/2024 18:02:23,106.765,10
Svalbard,03/11/2024 19:38:47,03/11/2024 19:40:30,103.324,0
Svalbard,03/11/2024 19:38:49,03/11/2024 19:40:46,116.67,-10
Svalbard,03/11/2024 19:39:00,03/11/2024 19:40:35,95.762,-20
Svalbard,03/11/2024 21:16:28,03/11/2024 21:18:54,145.518,-20
Svalbard,03/11/2024 22:54:08,03/11/2024 22:55:00,52.711,-20
Svalbard,03/12/2024 00:31:56,03/12/2024 00:34:16,139.856,-20
Svalbard,03/12/2024 00:32:04,03/12/2024 00:32:34,29.842,-10
Svalbard,03/12/2024 02:10:05,03/12/2024 02:12:06,120.928,10
Svalbard,03/12/2024 02:10:06,03/12/2024 02:12:04,117.673,0
Svalbard,03/12/2024 02:10:16,03/12/2024 02:11:54,97.17,-10
Svalbard,03/12/2024 02:10:41,03/12/2024 02:11:29,48.035,-20
Svalbard,03/12/2024 03:48:18,03/12/2024 03:50:44,145.427,20
Svalbard,03/12/2024 03:49:06,03/12/2024 03:49:55,49.684,10
Fairbanks,03/12/2024 03:58:21,03/12/2024 04:00:51,150.268,20
Fairbanks,03/12/2024 03:58:53,03/12/2024 04:00:21,88.139,10
Troll,03/12/2024 08:03:45,03/12/2024 08:04:48,63.726,0
Troll,03/12/2024 08:03:47,03/12/2024 08:05:17,90.673,10
Troll,03/12/2024 09:41:12,03/12/2024 09:42:14,61.311,20
Punta Arenas,03/12/2024 11:27:36,03/12/2024 11:28:57,81.347,0
Punta Arenas,03/12/2024 11:27:49,03/12/2024 11:29:20,90.496,10
Fairbanks,03/12/2024 13:39:41,03/12/2024 13:39:51,10.194,-20
Troll,03/12/2024 14:32:24,03/12/2024 14:33:42,77.813,10
Troll,03/12/2024 14:32:55,03/12/2024 14:33:57,61.666,20
Fairbanks,03/12/2024 15:17:56,03/12/2024 15:20:13,137.301,20
Svalbard,03/12/2024 17:07:18,03/12/2024 17:09:22,123.975,20
Svalbard,03/12/2024 18:45:48,03/12/2024 18:47:12,83.699,20
Svalbard,03/12/2024 18:45:50,03/12/2024 18:47:57,127.023,10
Svalbard,03/12/2024 18:46:01,03/12/2024 18:47:47,105.369,0
Svalbard,03/12/2024 18:46:25,03/12/2024 18:47:23,57.709,-10
Svalbard,03/12/2024 20:23:54,03/12/2024 20:26:04,130.466,-20
Svalbard,03/12/2024 20:23:56,03/12/2024 20:25:21,85.479,-10
Punta Arenas,03/12/2024 21:02:02,03/12/2024 21:04:21,139.224,20
Svalbard,03/12/2024 22:01:31,03/12/2024 22:02:28,57.452,-20
Svalbard,03/12/2024 23:39:12,03/12/2024 23:40:43,90.785,-20
Svalbard,03/13/2024 01:17:13,03/13/2024 01:19:18,124.515,-10
Svalbard,03/13/2024 01:17:16,03/13/2024 01:19:15,118.804,-20
Svalbard,03/13/2024 01:17:19,03/13/2024 01:17:26,6.463,0
Svalbard,03/13/2024 02:55:15,03/13/2024 02:57:38,142.858,20
Svalbard,03/13/2024 02:55:24,03/13/2024 02:57:28,123.761,10
Svalbard,03/13/2024 02:55:44,03/13/2024 02:57:07,82.711,0
Svalbard,03/13/2024 04:34:24,03/13/2024 04:35:48,83.453,20
Fairbanks,03/13/2024 04:43:57,03/13/2024 04:45:18,80.8,0
Fairbanks,03/13/2024 04:44:01,03/13/2024 04:45:55,114.515,-10
Fairbanks,03/13/2024 04:44:13,03/13/2024 04:45:44,90.665,-20
Troll,03/13/2024 07:10:43,03/13/2024 07:12:19,95.575,-20
Troll,03/13/2024 07:12:05,03/13/2024 07:12:31,25.556,-10
Troll,03/13/2024 08:48:07,03/13/2024 08:50:29,141.725,20
Troll,03/13/2024 13:39:45,03/13/2024 13:41:24,99.179,20
Fairbanks,03/13/2024 14:25:05,03/13/2024 14:27:04,118.953,0
Fairbanks,03/13/2024 14:25:11,03/13/2024 14:26:57,106.436,-10
Fairbanks,03/13/2024 14:25:13,03/13/2024 14:26:53,99.852,10
Fairbanks,03/13/2024 14:25:27,03/13/2024 14:26:40,72.907,-20
Troll,03/13/2024 15:17:17,03/13/2024 15:18:57,99.716,0
Troll,03/13/2024 15:17:53,03/13/2024 15:18:22,29.451,-10
Svalbard,03/13/2024 17:52:36,03/13/2024 17:55:08,151.235,20
Svalbard,03/13/2024 17:53:04,03/13/2024 17:54:41,97.641,10
Svalbard,03/13/2024 19:31:12,03/13/2024 19:33:10,118.708,0
Svalbard,03/13/2024 19:31:16,03/13/2024 19:33:08,112.864,-10
Svalbard,03/13/2024 19:31:29,03/13/2024 19:32:56,86.488,-20
Svalbard,03/13/2024 21:08:55,03/13/2024 21:11:19,144.482,-20
Punta Arenas,03/13/2024 21:47:27,03/13/2024 21:47:59,31.717,-20
Svalbard,03/13/2024 22:46:34,03/13/2024 22:47:16,41.854,-20
Svalbard,03/14/2024 00:24:21,03/14/2024 00:26:43,141.862,-20
Svalbard,03/14/2024 02:02:30,03/14/2024 02:04:29,119.232,0
Svalbard,03/14/2024 02:02:31,03/14/2024 02:04:01,89.399,10
Svalbard,03/14/2024 02:02:37,03/14/2024 02:04:21,103.981,-10
Svalbard,03/14/2024 02:02:56,03/14/2024 02:04:02,65.864,-20
Svalbard,03/14/2024 03:40:39,03/14/2024 03:43:08,148.544,20
Svalbard,03/14/2024 03:41:16,03/14/2024 03:42:29,73.463,10
Fairbanks,03/14/2024 03:50:46,03/14/2024 03:53:11,145.132,20
Fairbanks,03/14/2024 03:51:38,03/14/2024 03:52:22,43.931,10
Troll,03/14/2024 07:56:01,03/14/2024 07:57:24,83.145,0
Troll,03/14/2024 07:56:35,03/14/2024 07:57:46,71.306,10
Troll,03/14/2024 09:33:32,03/14/2024 09:34:52,80.213,20
Punta Arenas,03/14/2024 11:19:57,03/14/2024 11:21:37,100.29,0
Punta Arenas,03/14/2024 11:20:10,03/14/2024 11:21:14,64.636,-10
Punta Arenas,03/14/2024 11:21:12,03/14/2024 11:21:48,35.566,10
Troll,03/14/2024 14:24:35,03/14/2024 14:26:44,128.429,20
Troll,03/14/2024 14:25:03,03/14/2024 14:25:58,54.266,10
Fairbanks,03/14/2024 15:10:14,03/14/2024 15:12:40,146.621,20
Fairbanks,03/14/2024 15:10:53,03/14/2024 15:11:58,65.018,10
Troll,03/14/2024 16:04:02,03/14/2024 16:04:18,15.994,-20
Svalbard,03/14/2024 16:59:45,03/14/2024 17:01:38,112.988,20
Svalbard,03/14/2024 18:38:09,03/14/2024 18:39:49,100.469,20
Svalbard,03/14/2024 18:38:14,03/14/2024 18:40:21,126.926,10
Svalbard,03/14/2024 18:38:28,03/14/2024 18:40:07,98.896,0
Svalbard,03/14/2024 18:39:01,03/14/2024 18:39:35,33.293,-10
Svalbard,03/14/2024 20:16:22,03/14/2024 20:18:02,100.058,-10
Svalbard,03/14/2024 20:16:22,03/14/2024 20:18:28,126.738,-20
Punta Arenas,03/14/2024 20:54:43,03/14/2024 20:56:38,114.962,20
Svalbard,03/14/2024 21:53:58,03/14/2024 21:54:51,52.97,-20
Svalbard,03/14/2024 23:31:38,03/14/2024 23:32:41,62.295,-20
Svalbard,03/15/2024 01:09:38,03/15/2024 01:11:44,125.651,-10
Svalbard,03/15/2024 01:09:39,03/15/2024 01:11:43,123.703,-20
Svalbard,03/15/2024 02:47:40,03/15/2024 02:49:59,138.963,20
Svalbard,03/15/2024 02:47:47,03/15/2024 02:49:52,125.849,10
Svalbard,03/15/2024 02:48:03,03/15/2024 02:49:36,93.01,0
Svalbard,03/15/2024 04:26:36,03/15/2024 04:28:18,102.207,20
Fairbanks,03/15/2024 04:36:22,03/15/2024 04:37:08,46.177,10
Fairbanks,03/15/2024 04:36:23,03/15/2024 04:37:57,94.313,0
Fairbanks,03/15/2024 04:36:33,03/15/2024 04:38:13,100.845,-10
Fairbanks,03/15/2024 04:36:55,03/15/2024 04:37:52,57.599,-20
Troll,03/15/2024 07:03:22,03/15/2024 07:04:51,89.092,-20
Troll,03/15/2024 08:40:43,03/15/2024 08:42:59,135.703,20
Troll,03/15/2024 08:41:22,03/15/2024 08:42:08,46.713,10
Punta Arenas,03/15/2024 12:05:21,03/15/2024 12:06:05,44.001,20
Troll,03/15/2024 13:32:21,03/15/2024 13:33:46,84.342,20
Fairbanks,03/15/2024 14:17:30,03/15/2024 14:19:28,117.812,-10
Fairbanks,03/15/2024 14:17:30,03/15/2024 14:19:29,118.262,0
Fairbanks,03/15/2024 14:17:38,03/15/2024 14:19:18,99.874,-20
Troll,03/15/2024 15:09:50,03/15/2024 15:11:17,86.608,0
Svalbard,03/15/2024 17:44:59,03/15/2024 17:47:30,150.521,20
Svalbard,03/15/2024 17:45:32,03/15/2024 17:46:58,85.488,10
Svalbard,03/15/2024 19:23:36,03/15/2024 19:25:27,110.125,0
Svalbard,03/15/2024 19:23:38,03/15/2024 19:23:57,18.798,10
Svalbard,03/15/2024 19:23:43,03/15/2024 19:25:31,108.148,-10
Svalbard,03/15/2024 19:23:59,03/15/2024 19:25:15,75.263,-20
Svalbard,03/15/2024 21:01:22,03/15/2024 21:03:35,133.43,-20
Punta Arenas,03/15/2024 21:39:52,03/15/2024 21:40:20,27.455,-10
Punta Arenas,03/15/2024 21:40:12,03/15/2024 21:41:19,66.697,-20
Svalbard,03/15/2024 22:39:01,03/15/2024 22:39:34,32.86,-20
Svalbard,03/16/2024 00:16:46,03/16/2024 00:19:10,143.564,-20
Svalbard,03/16/2024 01:54:54,03/16/2024 01:56:54,120.006,0
Svalbard,03/16/2024 01:54:59,03/16/2024 01:56:49,109.586,-10
Svalbard,03/16/2024 01:55:14,03/16/2024 01:56:33,79.052,-20
Svalbard,03/16/2024 03:33:01,03/16/2024 03:35:31,150.391,20
Svalbard,03/16/2024 03:33:31,03/16/2024 03:35:00,89.146,10
Fairbanks,03/16/2024 03:43:15,03/16/2024 03:45:09,114.543,20
Fairbanks,03/16/2024 05:21:18,03/16/2024 05:21:37,19.056,-20
Troll,03/16/2024 07:48:20,03/16/2024 07:49:57,96.853,0
Troll,03/16/2024 07:49:02,03/16/2024 07:49:15,12.579,-10
Troll,03/16/2024 07:49:31,03/16/2024 07:50:13,41.873,10
Troll,03/16/2024 09:25:53,03/16/2024 09:27:28,95.09,20
Punta Arenas,03/16/2024 11:12:17,03/16/2024 11:13:58,100.982,-10
Punta Arenas,03/16/2024 11:12:38,03/16/2024 11:13:35,56.869,-20
Punta Arenas,03/16/2024 11:13:22,03/16/2024 11:14:08,46.026,0
Troll,03/16/2024 14:16:46,03/16/2024 14:19:09,143.525,20
Fairbanks,03/16/2024 15:02:35,03/16/2024 15:05:05,150.013,20
Fairbanks,03/16/2024 15:03:00,03/16/2024 15:04:38,97.366,10
Troll,03/16/2024 15:54:56,03/16/2024 15:56:35,98.993,-20
Svalbard,03/16/2024 16:52:14,03/16/2024 16:53:52,98.647,20
Svalbard,03/16/2024 18:30:30,03/16/2024 18:32:26,115.503,20
Svalbard,03/16/2024 18:30:38,03/16/2024 18:32:26,107.643,10
Svalbard,03/16/2024 18:30:56,03/16/2024 18:32:27,90.538,0
Svalbard,03/16/2024 20:08:47,03/16/2024 20:10:37,109.447,-10
Svalbard,03/16/2024 20:08:49,03/16/2024 20:10:38,108.815,-20
Punta Arenas,03/16/2024 20:47:36,03/16/2024 20:48:41,64.885,20
Svalbard,03/16/2024 21:46:24,03/16/2024 21:47:14,49.575,-20
Svalbard,03/16/2024 23:24:05,03/16/2024 23:24:49,44.609,-20
Svalbard,03/17/2024 01:02:02,03/17/2024 01:04:10,127.993,-20
Svalbard,03/17/2024 01:02:03,03/17/2024 01:04:10,126.322,-10
Svalbard,03/17/2024 02:40:06,03/17/2024 02:42:03,116.653,20
Svalbard,03/17/2024 02:40:10,03/17/2024 02:42:17,126.863,10
Svalbard,03/17/2024 02:40:22,03/17/2024 02:42:03,100.974,0
Svalbard,03/17/2024 02:40:51,03/17/2024 02:41:34,42.787,-10
Svalbard,03/17/2024 04:18:50,03/17/2024 04:20:46,116.13,20
Fairbanks,03/17/2024 04:28:43,03/17/2024 04:30:01,78.133,10
Fairbanks,03/17/2024 04:28:51,03/17/2024 04:29:59,68.289,0
Fairbanks,03/17/2024 04:29:08,03/17/2024 04:30:02,54.07,-10
Troll,03/17/2024 06:56:32,03/17/2024 06:57:21,49.078,-20
Troll,03/17/2024 08:33:20,03/17/2024 08:35:28,127.698,20
Troll,03/17/2024 08:33:36,03/17/2024 08:34:49,72.639,10
Punta Arenas,03/17/2024 11:57:19,03/17/2024 11:59:05,106.381,20
Troll,03/17/2024 13:24:59,03/17/2024 13:26:05,65.607,20
Fairbanks,03/17/2024 14:09:52,03/17/2024 14:11:56,124.093,-10
Fairbanks,03/17/2024 14:09:54,03/17/2024 14:11:53,118.573,-20
Troll,03/17/2024 15:02:24,03/17/2024 15:04:00,96.203,10
Troll,03/17/2024 15:02:25,03/17/2024 15:03:34,68.336,0
Svalbard,03/17/2024 17:37:23,03/17/2024 17:39:22,119.024,20
Svalbard,03/17/2024 17:38:03,03/17/2024 17:39:12,68.642,10
Svalbard,03/17/2024 19:16:01,03/17/2024 19:16:52,51.152,10
Svalbard,03/17/2024 19:16:02,03/17/2024 19:17:43,101.805,0
Svalbard,03/17/2024 19:16:10,03/17/2024 19:17:37,87.068,-10
Svalbard,03/17/2024 19:16:31,03/17/2024 19:17:32,61.021,-20
Svalbard,03/17/2024 20:53:49,03/17/2024 20:55:58,129.056,-20
Punta Arenas,03/17/2024 21:32:34,03/17/2024 21:33:47,73.032,-10
Svalbard,03/17/2024 22:31:28,03/17/2024 22:31:53,25.217,-20
Svalbard,03/18/2024 00:09:12,03/18/2024 00:11:37,145.003,-20
Svalbard,03/18/2024 01:47:19,03/18/2024 01:49:19,120.066,0
Svalbard,03/18/2024 01:47:22,03/18/2024 01:49:16,114.193,-10
Svalbard,03/18/2024 01:47:34,03/18/2024 01:49:03,89.693,-20
Svalbard,03/18/2024 03:25:23,03/18/2024 03:27:54,151.085,20
Svalbard,03/18/2024 03:25:48,03/18/2024 03:27:28,100.647,10
Fairbanks,03/18/2024 03:35:47,03/18/2024 03:36:50,62.775,20
Fairbanks,03/18/2024 05:13:46,03/18/2024 05:14:33,46.359,-20
Troll,03/18/2024 07:40:41,03/18/2024 07:42:28,106.909,0
Troll,03/18/2024 07:41:05,03/18/2024 07:42:04,59.117,-10
Troll,03/18/2024 09:18:15,03/18/2024 09:20:03,107.436,20
Punta Arenas,03/18/2024 11:04:41,03/18/2024 11:06:23,101.713,-20
Punta Arenas,03/18/2024 11:05:38,03/18/2024 11:06:33,54.306,-10
Troll,03/18/2024 14:09:16,03/18/2024 14:11:34,137.624,20
Fairbanks,03/18/2024 14:54:59,03/18/2024 14:57:28,148.398,20
Fairbanks,03/18/2024 14:55:15,03/18/2024 14:57:10,114.641,10
Fairbanks,03/18/2024 14:55:50,03/18/2024 14:56:34,44.043,0
Troll,03/18/2024 15:47:30,03/18/2024 15:48:50,80.146,-20
Troll,03/18/2024 15:48:50,03/18/2024 15:49:05,15.227,-10
Svalbard,03/18/2024 16:44:44,03/18/2024 16:46:02,77.771,20
Svalbard,03/18/2024 18:22:52,03/18/2024 18:25:01,129.47,20
Svalbard,03/18/2024 18:23:03,03/18/2024 18:24:47,104.099,10
Svalbard,03/18/2024 18:23:25,03/18/2024 18:24:34,68.989,0
Svalbard,03/18/2024 20:01:13,03/18/2024 20:03:18,124.591,-10
Svalbard,03/18/2024 20:01:17,03/18/2024 20:03:02,104.347,-20
Svalbard,03/18/2024 21:38:51,03/18/2024 21:39:38,47.139,-20
Svalbard,03/18/2024 23:16:31,03/18/2024 23:17:02,30.76,-20
Svalbard,03/19/2024 00:54:26,03/19/2024 00:56:38,131.737,-20
Svalbard,03/19/2024 00:54:29,03/19/2024 00:55:36,66.928,-10
Svalbard,03/19/2024 02:32:34,03/19/2024 02:34:41,126.911,10
Svalbard,03/19/2024 02:32:41,03/19/2024 02:33:52,70.41,20
Svalbard,03/19/2024 02:32:43,03/19/2024 02:34:30,107.175,0
Svalbard,03/19/2024 02:33:05,03/19/2024 02:34:08,63.323,-10
Svalbard,03/19/2024 04:11:06,03/19/2024 04:13:13,126.837,20
Fairbanks,03/19/2024 04:21:02,03/19/2024 04:22:06,64.314,20
Fairbanks,03/19/2024 04:21:07,03/19/2024 04:22:41,93.946,10
Fairbanks,03/19/2024 04:21:22,03/19/2024 04:22:19,56.931,0
Fairbanks,03/19/2024 04:21:54,03/19/2024 04:22:10,16.631,-10
Troll,03/19/2024 06:49:25,03/19/2024 06:49:51,25.23,-20
Troll,03/19/2024 08:25:55,03/19/2024 08:27:25,89.816,10
Troll,03/19/2024 08:25:59,03/19/2024 08:27:56,117.286,20
Punta Arenas,03/19/2024 11:49:33,03/19/2024 11:51:47,133.83,20
Troll,03/19/2024 13:17:42,03/19/2024 13:18:20,38.069,20
Fairbanks,03/19/2024 14:02:13,03/19/2024 14:04:25,132.152,-20
Fairbanks,03/19/2024 14:02:17,03/19/2024 14:04:23,125.813,-10
Troll,03/19/2024 14:54:28,03/19/2024 14:56:23,115.651,10
Troll,03/19/2024 14:55:07,03/19/2024 14:55:45,38.519,0
Svalbard,03/19/2024 17:29:47,03/19/2024 17:31:59,132.398,20
Svalbard,03/19/2024 17:30:39,03/19/2024 17:31:21,41.645,10
Svalbard,03/19/2024 19:08:24,03/19/2024 19:09:37,73.209,10
Svalbard,03/19/2024 19:08:27,03/19/2024 19:10:25,117.731,0
Svalbard,03/19/2024 19:08:38,03/19/2024 19:10:10,91.238,-10
Svalbard,03/19/2024 19:09:06,03/19/2024 19:09:47,40.664,-20
Svalbard,03/19/2024 20:46:16,03/19/2024 20:48:35,139.683,-20
Punta Arenas,03/19/2024 21:24:52,03/19/2024 21:26:20,87.73,0
Svalbard,03/19/2024 22:23:54,03/19/2024 22:24:13,18.668,-20
Svalbard,03/20/2024 00:01:38,03/20/2024 00:03:02,84.75,-20
Svalbard,03/20/2024 01:39:44,03/20/2024 01:41:24,100.108,0
Svalbard,03/20/2024 01:39:45,03/20/2024 01:41:43,117.944,-10
Svalbard,03/20/2024 01:39:54,03/20/2024 01:41:33,98.617,-20
Svalbard,03/20/2024 03:17:46,03/20/2024 03:20:17,150.725,20
Svalbard,03/20/2024 03:18:06,03/20/2024 03:19:55,109.344,10
Fairbanks,03/20/2024 03:28:26,03/20/2024 03:29:02,35.528,20
Fairbanks,03/20/2024 05:06:16,03/20/2024 05:07:43,86.649,-20
Troll,03/20/2024 07:33:19,03/20/2024 07:34:40,80.855,-10
Troll,03/20/2024 07:33:37,03/20/2024 07:34:57,79.842,0
Troll,03/20/2024 09:10:38,03/20/2024 09:12:36,117.884,20
Punta Arenas,03/20/2024 10:57:51,03/20/2024 10:59:00,69.368,-20
Troll,03/20/2024 14:01:48,03/20/2024 14:03:58,130.33,20
Fairbanks,03/20/2024 14:47:26,03/20/2024 14:49:48,142.292,20
Fairbanks,03/20/2024 14:47:34,03/20/2024 14:49:38,123.631,10
Fairbanks,03/20/2024 14:47:54,03/20/2024 14:49:17,83.305,0
Troll,03/20/2024 15:39:44,03/20/2024 15:41:25,100.923,-10
Troll,03/20/2024 15:40:08,03/20/2024 15:41:02,53.788,-20
Svalbard,03/20/2024 16:37:21,03/20/2024 16:38:09,48.483,20
Svalbard,03/20/2024 18:15:14,03/20/2024 18:17:36,142.71,20
Svalbard,03/20/2024 18:15:28,03/20/2024 18:17:28,120.249,10
Svalbard,03/20/2024 18:15:56,03/20/2024 18:17:01,64.802,0
Svalbard,03/20/2024 19:53:40,03/20/2024 19:55:43,122.95,-10
Svalbard,03/20/2024 19:53:42,03/20/2024 19:53:46,3.457,0
Svalbard,03/20/2024 19:53:45,03/20/2024 19:55:37,111.74,-20
Svalbard,03/20/2024 21:31:18,03/20/2024 21:32:04,45.612,-20
Svalbard,03/20/2024 23:08:58,03/20/2024 23:09:17,19.101,-20
Svalbard,03/21/2024 00:46:50,03/21/2024 00:49:05,134.991,-20
Svalbard,03/21/2024 00:46:55,03/21/2024 00:47:20,24.748,-10
Svalbard,03/21/2024 02:24:58,03/21/2024 02:27:04,126.077,10
Svalbard,03/21/2024 02:25:05,03/21/2024 02:26:57,111.956,0
Svalbard,03/21/2024 02:25:22,03/21/2024 02:26:39,77.371,-10
Svalbard,03/21/2024 04:03:24,03/21/2024 04:05:39,135.114,20
Fairbanks,03/21/2024 04:13:21,03/21/2024 04:15:11,110.046,20
Fairbanks,03/21/2024 04:13:33,03/21/2024 04:15:36,122.922,10
Fairbanks,03/21/2024 04:13:57,03/21/2024 04:15:14,76.991,0
Troll,03/21/2024 06:42:14,03/21/2024 06:42:18,4.331,-20
Troll,03/21/2024 08:18:15,03/21/2024 08:19:58,102.543,10
Troll,03/21/2024 08:18:40,03/21/2024 08:20:23,103.604,20
Punta Arenas,03/21/2024 11:41:54,03/21/2024 11:44:22,147.209,20
Punta Arenas,03/21/2024 11:42:33,03/21/2024 11:43:40,66.119,10
Fairbanks,03/21/2024 13:54:34,03/21/2024 13:56:56,141.623,-20
Troll,03/21/2024 14:46:59,03/21/2024 14:48:46,106.672,10
Fairbanks,03/21/2024 15:33:21,03/21/2024 15:34:48,87.348,20
Svalbard,03/21/2024 17:22:11,03/21/2024 17:24:32,140.998,20
Svalbard,03/21/2024 19:00:47,03/21/2024 19:02:19,91.628,10
Svalbard,03/21/2024 19:00:53,03/21/2024 19:02:48,115.202,0
Svalbard,03/21/2024 19:01:07,03/21/2024 19:02:34,86.56,-10
Svalbard,03/21/2024 20:38:43,03/21/2024 20:41:00,137.394,-20
Svalbard,03/21/2024 20:38:48,03/21/2024 20:38:52,3.42,-10
Punta Arenas,03/21/2024 21:17:05,03/21/2024 21:18:58,112.933,10
Punta Arenas,03/21/2024 21:17:50,03/21/2024 21:18:15,24.989,0
Svalbard,03/21/2024 22:16:21,03/21/2024 22:16:34,13.072,-20
Svalbard,03/21/2024 23:54:03,03/21/2024 23:54:57,53.669,-20
Svalbard,03/22/2024 01:32:08,03/22/2024 01:34:09,120.944,-10
Svalbard,03/22/2024 01:32:10,03/22/2024 01:32:49,39.076,0
Svalbard,03/22/2024 01:32:16,03/22/2024 01:34:02,106.25,-20
Svalbard,03/22/2024 03:10:10,03/22/2024 03:12:39,149.394,20
Svalbard,03/22/2024 03:10:26,03/22/2024 03:12:22,115.919,10
Svalbard,03/22/2024 03:11:00,03/22/2024 03:11:47,46.341,0
Fairbanks,03/22/2024 04:58:47,03/22/2024 05:00:57,129.714,-20
Fairbanks,03/22/2024 04:58:48,03/22/2024 04:59:17,28.904,-10
Troll,03/22/2024 07:25:37,03/22/2024 07:27:13,96.221,-10
Troll,03/22/2024 07:26:04,03/22/2024 07:26:45,40.88,-20
Troll,03/22/2024 07:26:39,03/22/2024 07:27:25,45.896,0
Troll,03/22/2024 09:03:02,03/22/2024 09:05:09,126.749,20
Punta Arenas,03/22/2024 10:51:15,03/22/2024 10:51:33,17.871,-20
Troll,03/22/2024 13:54:20,03/22/2024 13:56:22,121.559,20
Fairbanks,03/22/2024 14:39:57,03/22/2024 14:42:03,126.52,10
Fairbanks,03/22/2024 14:40:08,03/22/2024 14:41:51,103.126,0
Fairbanks,03/22/2024 14:40:08,03/22/2024 14:41:40,91.237,20
Fairbanks,03/22/2024 14:40:33,03/22/2024 14:41:24,51.605,-10
Troll,03/22/2024 15:32:16,03/22/2024 15:33:43,86.774,-10
Svalbard,03/22/2024 18:07:36,03/22/2024 18:10:06,150.124,20
Svalbard,03/22/2024 18:07:54,03/22/2024 18:09:49,115.393,10
Svalbard,03/22/2024 18:08:31,03/22/2024 18:09:13,41.964,0
Svalbard,03/22/2024 19:46:06,03/22/2024 19:48:07,120.697,-10
Svalbard,03/22/2024 19:46:07,03/22/2024 19:46:32,25.207,0
Svalbard,03/22/2024 19:46:14,03/22/2024 19:47:59,105.126,-20
Svalbard,03/22/2024 21:23:45,03/22/2024 21:24:30,44.986,-20
Svalbard,03/22/2024 23:01:25,03/22/2024 23:01:33,8.968,-20
Svalbard,03/23/2024 00:39:15,03/23/2024 00:41:33,137.803,-20
Svalbard,03/23/2024 02:17:23,03/23/2024 02:19:17,114.283,10
Svalbard,03/23/2024 02:17:27,03/23/2024 02:19:23,115.544,0
Svalbard,03/23/2024 02:17:41,03/23/2024 02:19:09,88.123,-10
Svalbard,03/23/2024 03:55:43,03/23/2024 03:58:04,141.42,20
Fairbanks,03/23/2024 04:05:42,03/23/2024 04:08:05,143.33,20
Fairbanks,03/23/2024 04:06:02,03/23/2024 04:07:55,112.481,10
Fairbanks,03/23/2024 04:06:47,03/23/2024 04:07:11,24.669,0
Troll,03/23/2024 08:10:37,03/23/2024 08:12:29,112.182,10
Troll,03/23/2024 08:11:25,03/23/2024 08:11:41,15.863,0
Troll,03/23/2024 08:11:25,03/23/2024 08:12:50,84.379,20
Troll,03/23/2024 09:48:50,03/23/2024 09:49:04,14.574,20
Punta Arenas,03/23/2024 11:34:41,03/23/2024 11:36:26,104.882,10
Punta Arenas,03/23/2024 11:34:50,03/23/2024 11:36:51,120.927,20
Fairbanks,03/23/2024 13:46:58,03/23/2024 13:47:34,35.655,-20
Fairbanks,03/23/2024 13:49:21,03/23/2024 13:49:25,3.886,-20
Troll,03/23/2024 14:39:32,03/23/2024 14:41:07,94.79,10
Troll,03/23/2024 14:39:40,03/23/2024 14:41:35,114.907,20
Fairbanks,03/23/2024 15:25:27,03/23/2024 15:27:26,118.718,20
Svalbard,03/23/2024 17:14:36,03/23/2024 17:16:51,134.826,20
Svalbard,03/23/2024 18:53:11,03/23/2024 18:54:59,108.22,10
Svalbard,03/23/2024 18:53:19,03/23/2024 18:55:10,111.629,0
Svalbard,03/23/2024 18:53:37,03/23/2024 18:54:52,75.553,-10
Svalbard,03/23/2024 20:31:10,03/23/2024 20:33:25,134.687,-20
Svalbard,03/23/2024 20:31:14,03/23/2024 20:31:25,10.911,-10
Punta Arenas,03/23/2024 21:09:12,03/23/2024 21:11:34,141.723,20
Punta Arenas,03/23/2024 21:09:48,03/23/2024 21:11:11,82.973,10
Svalbard,03/23/2024 22:08:48,03/23/2024 22:08:56,8.342,-20
Svalbard,03/23/2024 23:46:30,03/23/2024 23:47:04,34.379,-20
Svalbard,03/24/2024 01:24:32,03/24/2024 01:26:36,123.273,-10
Svalbard,03/24/2024 01:24:37,03/24/2024 01:26:30,112.849,-20
Svalbard,03/24/2024 03:02:34,03/24/2024 03:05:01,147.163,20
Svalbard,03/24/2024 03:02:46,03/24/2024 03:04:47,120.782,10
Svalbard,03/24/2024 03:03:13,03/24/2024 03:04:20,67.645,0
Svalbard,03/24/2024 04:42:03,03/24/2024 04:42:57,54.104,20
Fairbanks,03/24/2024 04:51:15,03/24/2024 04:52:34,79.185,-10
Fairbanks,03/24/2024 04:51:20,03/24/2024 04:53:15,115.001,-20
Troll,03/24/2024 07:17:56,03/24/2024 07:19:44,107.815,-10
Troll,03/24/2024 07:18:13,03/24/2024 07:19:26,72.166,-20
Troll,03/24/2024 07:19:49,03/24/2024 07:19:51,2.64,0
Troll,03/24/2024 08:55:26,03/24/2024 08:57:40,134.2,20
Troll,03/24/2024 13:46:54,03/24/2024 13:48:45,111.168,20
Fairbanks,03/24/2024 14:32:22,03/24/2024 14:34:27,124.262,10
Fairbanks,03/24/2024 14:32:26,03/24/2024 14:34:21,114.279,0
Fairbanks,03/24/2024 14:32:40,03/24/2024 14:34:06,85.551,-10
Troll,03/24/2024 15:24:30,03/24/2024 15:26:20,109.766,0
Troll,03/24/2024 15:24:52,03/24/2024 15:25:59,67.451,-10
Svalbard,03/24/2024 17:59:58,03/24/2024 18:02:30,151.544,20
Svalbard,03/24/2024 18:00:20,03/24/2024 18:02:09,108.818,10
Svalbard,03/24/2024 19:38:31,03/24/2024 19:39:18,46.758,0
Svalbard,03/24/2024 19:38:33,03/24/2024 19:40:30,117.75,-10
Svalbard,03/24/2024 19:38:43,03/24/2024 19:40:20,97.428,-20
Svalbard,03/24/2024 21:16:12,03/24/2024 21:16:57,45.282,-20
Svalbard,03/24/2024 22:53:51,03/24/2024 22:53:51,0.033,-20
Svalbard,03/25/2024 00:31:40,03/25/2024 00:34:00,140.211,-20
Svalbard,03/25/2024 02:09:49,03/25/2024 02:11:00,70.974,10
Svalbard,03/25/2024 02:09:50,03/25/2024 02:11:48,118.102,0
Svalbard,03/25/2024 02:10:01,03/25/2024 02:11:37,96.711,-10
Svalbard,03/25/2024 02:10:26,03/25/2024 02:11:11,45.227,-20
Svalbard,03/25/2024 03:48:02,03/25/2024 03:50:29,146.059,20
Svalbard,03/25/2024 03:48:51,03/25/2024 03:49:39,47.549,10
Fairbanks,03/25/2024 03:58:05,03/25/2024 04:00:36,151.245,20
Fairbanks,03/25/2024 03:58:35,03/25/2024 04:00:08,93.017,10
Troll,03/25/2024 08:03:00,03/25/2024 08:04:59,119.336,10
Troll,03/25/2024 08:03:30,03/25/2024 08:04:29,59.168,0
Troll,03/25/2024 08:04:30,03/25/2024 08:05:09,38.892,20
Troll,03/25/2024 09:40:59,03/25/2024 09:41:53,54.298,20
Punta Arenas,03/25/2024 11:26:59,03/25/2024 11:29:02,122.128,10
Punta Arenas,03/25/2024 11:27:22,03/25/2024 11:28:37,75.013,0
Punta Arenas,03/25/2024 11:28:10,03/25/2024 11:29:15,64.773,20
Troll,03/25/2024 14:31:33,03/25/2024 14:34:01,147.881,20
Troll,03/25/2024 14:32:07,03/25/2024 14:33:26,78.951,10
Fairbanks,03/25/2024 15:17:40,03/25/2024 15:19:57,136.799,20
Troll,03/25/2024 16:11:28,03/25/2024 16:11:44,15.891,-20
Svalbard,03/25/2024 17:07:02,03/25/2024 17:09:08,126.717,20
Svalbard,03/25/2024 18:45:34,03/25/2024 18:47:38,123.78,10
Svalbard,03/25/2024 18:45:45,03/25/2024 18:47:32,106.838,0
Svalbard,03/25/2024 18:46:08,03/25/2024 18:47:09,60.978,-10
Svalbard,03/25/2024 20:23:38,03/25/2024 20:25:49,131.511,-20
Svalbard,03/25/2024 20:23:40,03/25/2024 20:23:59,19.612,-10
Punta Arenas,03/25/2024 21:01:45,03/25/2024 21:04:05,140.241,20
Svalbard,03/25/2024 22:01:15,03/25/2024 22:01:19,4.422,-20
Svalbard,03/25/2024 23:38:56,03/25/2024 23:39:15,19.053,-20
Svalbard,03/26/2024 01:16:57,03/26/2024 01:19:02,125.002,-10
Svalbard,03/26/2024 01:17:00,03/26/2024 01:18:59,118.585,-20
Svalbard,03/26/2024 02:54:59,03/26/2024 02:57:16,137.525,20
Svalbard,03/26/2024 02:55:08,03/26/2024 02:57:12,124.209,10
Svalbard,03/26/2024 02:55:29,03/26/2024 02:56:51,81.907,0
Svalbard,03/26/2024 04:34:09,03/26/2024 04:35:32,83.035,20
Fairbanks,03/26/2024 04:43:42,03/26/2024 04:44:11,29.744,0
Fairbanks,03/26/2024 04:43:44,03/26/2024 04:45:41,116.46,-10
Fairbanks,03/26/2024 04:43:56,03/26/2024 04:45:30,94.63,-20
Troll,03/26/2024 07:10:28,03/26/2024 07:12:01,92.692,-20
Troll,03/26/2024 07:10:54,03/26/2024 07:12:13,78.426,-10
Troll,03/26/2024 08:47:51,03/26/2024 08:50:11,140.321,20
Troll,03/26/2024 13:39:28,03/26/2024 13:41:07,98.872,20
Fairbanks,03/26/2024 14:24:49,03/26/2024 14:26:48,119.385,0
Fairbanks,03/26/2024 14:24:55,03/26/2024 14:26:40,104.959,-10
Fairbanks,03/26/2024 14:25:13,03/26/2024 14:26:21,68.265,-20
Troll,03/26/2024 15:17:00,03/26/2024 15:18:41,100.481,0
Troll,03/26/2024 15:17:33,03/26/2024 15:18:09,35.758,-10
Svalbard,03/26/2024 17:52:21,03/26/2024 17:54:53,152.005,20
Svalbard,03/26/2024 17:52:47,03/26/2024 17:54:27,100.095,10
Svalbard,03/26/2024 19:30:56,03/26/2024 19:32:04,68.081,0
Svalbard,03/26/2024 19:30:59,03/26/2024 19:32:53,114.022,-10
Svalbard,03/26/2024 19:31:12,03/26/2024 19:32:41,88.355,-20
Svalbard,03/26/2024 21:08:38,03/26/2024 21:09:25,46.556,-20
Punta Arenas,03/26/2024 21:47:09,03/26/2024 21:49:00,111.077,-20
Svalbard,03/27/2024 00:24:05,03/27/2024 00:26:27,142.258,-20
Svalbard,03/27/2024 02:02:14,03/27/2024 02:04:14,119.756,0
Svalbard,03/27/2024 02:02:22,03/27/2024 02:04:05,103.706,-10
Svalbard,03/27/2024 02:02:41,03/27/2024 02:03:45,64.097,-20
Svalbard,03/27/2024 03:40:23,03/27/2024 03:42:52,149.248,20
Svalbard,03/27/2024 03:41:01,03/27/2024 03:42:13,72.366,10
Fairbanks,03/27/2024 03:50:30,03/27/2024 03:52:57,146.943,20
Fairbanks,03/27/2024 03:51:17,03/27/2024 03:52:12,55.139,10
Troll,03/27/2024 07:55:25,03/27/2024 07:57:28,123.154,10
Troll,03/27/2024 07:55:46,03/27/2024 07:57:06,80.071,0
Troll,03/27/2024 09:33:17,03/27/2024 09:34:32,75.314,20
Punta Arenas,03/27/2024 11:19:33,03/27/2024 11:21:18,104.856,0
Punta Arenas,03/27/2024 11:19:57,03/27/2024 11:20:53,55.968,-10
Punta Arenas,03/27/2024 11:20:10,03/27/2024 11:21:30,80.446,10
Troll,03/27/2024 14:23:59,03/27/2024 14:26:27,147.494,20
Troll,03/27/2024 14:24:45,03/27/2024 14:25:42,56.271,10
Fairbanks,03/27/2024 15:09:58,03/27/2024 15:12:25,146.841,20
Fairbanks,03/27/2024 15:10:40,03/27/2024 15:11:40,59.868,10
Troll,03/27/2024 16:02:07,03/27/2024 16:04:02,115.317,-20
Svalbard,03/27/2024 16:59:28,03/27/2024 17:01:25,116.208,20
Svalbard,03/27/2024 18:37:58,03/27/2024 18:40:06,127.603,10
Svalbard,03/27/2024 18:38:12,03/27/2024 18:39:53,100.583,0
Svalbard,03/27/2024 18:38:43,03/27/2024 18:39:22,38.921,-10
Svalbard,03/27/2024 20:16:05,03/27/2024 20:18:13,127.81,-20
Svalbard,03/27/2024 20:16:05,03/27/2024 20:16:35,29.803,-10
Punta Arenas,03/27/2024 20:54:24,03/27/2024 20:56:22,117.698,20
Svalbard,03/27/2024 21:53:41,03/27/2024 21:53:43,1.271,-20
Svalbard,03/27/2024 23:31:22,03/27/2024 23:31:28,5.933,-20
Svalbard,03/28/2024 01:09:22,03/28/2024 01:10:36,74.481,-10
Svalbard,03/28/2024 01:09:23,03/28/2024 01:11:27,123.581,-20
Svalbard,03/28/2024 02:47:24,03/28/2024 02:49:11,107.062,20
Svalbard,03/28/2024 02:47:31,03/28/2024 02:49:37,126.393,10
Svalbard,03/28/2024 02:47:47,03/28/2024 02:49:20,92.506,0
Svalbard,03/28/2024 04:26:21,03/28/2024 04:28:03,102.015,20
Fairbanks,03/28/2024 04:36:07,03/28/2024 04:37:38,91.398,0
Fairbanks,03/28/2024 04:36:16,03/28/2024 04:37:59,103.643,-10
Fairbanks,03/28/2024 04:36:36,03/28/2024 04:37:40,64.086,-20
Troll,03/28/2024 07:02:44,03/28/2024 07:04:33,108.596,-20
Troll,03/28/2024 07:04:04,03/28/2024 07:04:41,36.897,-10
Troll,03/28/2024 08:40:16,03/28/2024 08:42:41,145.15,20
Troll,03/28/2024 08:41:08,03/28/2024 08:41:47,39.153,10
Punta Arenas,03/28/2024 12:05:19,03/28/2024 12:05:32,13.198,20
Troll,03/28/2024 13:32:04,03/28/2024 13:33:28,84.101,20
Fairbanks,03/28/2024 14:17:14,03/28/2024 14:18:28,74.568,0
Fairbanks,03/28/2024 14:17:14,03/28/2024 14:19:11,117.179,-10
Fairbanks,03/28/2024 14:17:23,03/28/2024 14:19:01,97.115,-20
Troll,03/28/2024 15:09:33,03/28/2024 15:11:00,87.878,0
Troll,03/28/2024 15:09:35,03/28/2024 15:11:19,104.514,10
Svalbard,03/28/2024 17:44:44,03/28/2024 17:47:15,151.427,20
Svalbard,03/28/2024 17:45:16,03/28/2024 17:46:44,88.506,10
Svalbard,03/28/2024 19:23:21,03/28/2024 19:24:50,89.279,0
Svalbard,03/28/2024 19:23:27,03/28/2024 19:25:16,109.395,-10
Svalbard,03/28/2024 19:23:43,03/28/2024 19:25:00,77.422,-20
Svalbard,03/28/2024 21:01:05,03/28/2024 21:01:54,48.907,-20
Punta Arenas,03/28/2024 21:39:35,03/28/2024 21:41:23,108.197,-10
Punta Arenas,03/28/2024 21:39:53,03/28/2024 21:41:06,73.89,-20
Svalbard,03/29/2024 00:16:30,03/29/2024 00:17:28,57.734,-20
Svalbard,03/29/2024 01:54:38,03/29/2024 01:56:39,120.602,0
Svalbard,03/29/2024 01:54:44,03/29/2024 01:56:33,109.443,-10
Svalbard,03/29/2024 01:54:59,03/29/2024 01:56:17,77.756,-20
Svalbard,03/29/2024 03:32:45,03/29/2024 03:35:16,151.15,20
Svalbard,03/29/2024 03:33:15,03/29/2024 03:34:44,88.47,10
Fairbanks,03/29/2024 03:42:58,03/29/2024 03:45:15,136.55,20
Troll,03/29/2024 07:48:04,03/29/2024 07:49:39,94.59,0
Troll,03/29/2024 07:48:13,03/29/2024 07:49:56,102.431,10
Troll,03/29/2024 09:25:37,03/29/2024 09:27:09,91.34,20
Punta Arenas,03/29/2024 11:12:02,03/29/2024 11:13:39,97.004,-10
Punta Arenas,03/29/2024 11:12:18,03/29/2024 11:13:50,92.189,0
Punta Arenas,03/29/2024 11:12:27,03/29/2024 11:13:05,38.5,-20
Troll,03/29/2024 14:16:29,03/29/2024 14:18:52,143.093,20
Fairbanks,03/29/2024 15:02:19,03/29/2024 15:04:50,150.825,20
Fairbanks,03/29/2024 15:02:46,03/29/2024 15:04:21,95.163,10
Troll,03/29/2024 15:54:38,03/29/2024 15:56:19,100.856,-20
Troll,03/29/2024 15:56:18,03/29/2024 15:56:28,10.053,-10
Svalbard,03/29/2024 16:51:57,03/29/2024 16:53:39,102.521,20
Svalbard,03/29/2024 18:30:15,03/29/2024 18:31:26,70.926,20
Svalbard,03/29/2024 18:30:22,03/29/2024 18:32:29,126.631,10
Svalbard,03/29/2024 18:30:40,03/29/2024 18:32:12,92.501,0
Svalbard,03/29/2024 20:08:31,03/29/2024 20:09:13,41.957,-10
Svalbard,03/29/2024 20:08:33,03/29/2024 20:10:37,123.526,-20
Punta Arenas,03/29/2024 20:47:16,03/29/2024 20:48:28,72.108,20
Svalbard,03/30/2024 01:01:46,03/30/2024 01:03:54,127.934,-20
Svalbard,03/30/2024 01:01:47,03/30/2024 01:02:14,26.632,-10
Svalbard,03/30/2024 02:39:54,03/30/2024 02:42:01,127.486,10
Svalbard,03/30/2024 02:40:07,03/30/2024 02:41:48,100.668,0
Svalbard,03/30/2024 02:40:37,03/30/2024 02:41:17,39.662,-10
Svalbard,03/30/2024 04:18:35,03/30/2024 04:20:31,116.056,20
Fairbanks,03/30/2024 04:28:28,03/30/2024 04:29:15,46.921,10
Fairbanks,03/30/2024 04:28:35,03/30/2024 04:30:29,114.071,0
Fairbanks,03/30/2024 04:28:51,03/30/2024 04:30:14,83.253,-10
Troll,03/30/2024 06:55:02,03/30/2024 06:57:04,121.501,-20
Troll,03/30/2024 06:57:05,03/30/2024 06:57:07,1.545,-10
Troll,03/30/2024 08:32:41,03/30/2024 08:35:10,148.684,20
Troll,03/30/2024 08:33:21,03/30/2024 08:34:29,68.523,10
Punta Arenas,03/30/2024 11:57:04,03/30/2024 11:57:59,54.757,20
Troll,03/30/2024 13:24:42,03/30/2024 13:25:48,65.505,20
Fairbanks,03/30/2024 14:09:36,03/30/2024 14:11:40,124.164,-10
Fairbanks,03/30/2024 14:09:39,03/30/2024 14:11:36,116.759,-20
Troll,03/30/2024 15:01:41,03/30/2024 15:03:43,122.156,10
Troll,03/30/2024 15:02:07,03/30/2024 15:03:18,70.423,0
Svalbard,03/30/2024 17:37:07,03/30/2024 17:39:37,149.704,20
Svalbard,03/30/2024 17:37:46,03/30/2024 17:38:59,72.609,10
Svalbard,03/30/2024 19:15:46,03/30/2024 19:17:36,110.589,0
Svalbard,03/30/2024 19:15:54,03/30/2024 19:17:38,103.718,-10
Svalbard,03/30/2024 19:16:14,03/30/2024 19:17:18,63.676,-20
Svalbard,03/30/2024 20:53:33,03/30/2024 20:54:25,52.515,-20
Punta Arenas,03/30/2024 21:31:57,03/30/2024 21:33:50,112.812,0
Punta Arenas,03/30/2024 21:32:15,03/30/2024 21:33:34,78.595,-10
Svalbard,03/31/2024 00:08:56,03/31/2024 00:09:30,34.211,-20
Svalbard,03/31/2024 01:47:03,03/31/2024 01:48:16,72.547,0
Svalbard,03/31/2024 01:47:06,03/31/2024 01:49:00,114.146,-10
Svalbard,03/31/2024 01:47:19,03/31/2024 01:48:47,88.67,-20
Svalbard,03/31/2024 03:25:07,03/31/2024 03:27:39,151.89,20
Svalbard,03/31/2024 03:25:32,03/31/2024 03:27:12,100.214,10
Fairbanks,03/31/2024 03:35:30,03/31/2024 03:37:28,118.022,20
Fairbanks,03/31/2024 05:13:30,03/31/2024 05:13:30,0.404,-20
Troll,03/31/2024 07:40:25,03/31/2024 07:41:56,90.842,0
Troll,03/31/2024 07:40:50,03/31/2024 07:41:44,54.64,-10
Troll,03/31/2024 07:41:09,03/31/2024 07:42:16,67.015,10
Troll,03/31/2024 09:17:59,03/31/2024 09:19:44,104.484,20
Punta Arenas,03/31/2024 11:04:17,03/31/2024 11:05:21,64.609,-10
Punta Arenas,03/31/2024 11:04:26,03/31/2024 11:05:12,46.061,-20
Troll,03/31/2024 14:08:59,03/31/2024 14:11:17,137.36,20
Fairbanks,03/31/2024 14:54:43,03/31/2024 14:57:13,149.745,20
Fairbanks,03/31/2024 14:55:00,03/31/2024 14:56:53,113.687,10
Fairbanks,03/31/2024 14:55:38,03/31/2024 14:56:13,35.189,0
Troll,03/31/2024 15:46:57,03/31/2024 15:48:49,112.42,-10
Troll,03/31/2024 15:47:12,03/31/2024 15:48:35,82.763,-20
Svalbard,03/31/2024 16:44:27,03/31/2024 16:45:51,84.093,20
Svalbard,03/31/2024 18:22:37,03/31/2024 18:24:11,94.175,20
Svalbard,03/31/2024 18:22:47,03/31/2024 18:24:52,124.571,10
Svalbard,03/31/2024 18:23:09,03/31/2024 18:24:31,81.987,0
Svalbard,03/31/2024 20:00:57,03/31/2024 20:01:54,57,-10
Svalbard,03/31/2024 20:01:01,03/31/2024 20:03:00,118.588,-20
Svalbard,04/01/2024 00:54:10,04/01/2024 00:56:22,131.721,-20
Svalbard,04/01/2024 02:32:18,04/01/2024 02:34:25,127.6,10
Svalbard,04/01/2024 02:32:28,04/01/2024 02:34:15,107.014,0
Svalbard,04/01/2024 02:32:50,04/01/2024 02:33:52,61.5,-10
Svalbard,04/01/2024 04:10:51,04/01/2024 04:12:58,126.839,20
Fairbanks,04/01/2024 04:20:52,04/01/2024 04:22:38,106.28,10
Fairbanks,04/01/2024 04:21:05,04/01/2024 04:22:47,102.281,0
Fairbanks,04/01/2024 04:21:33,04/01/2024 04:22:20,46.396,-10
Troll,04/01/2024 06:48:20,04/01/2024 06:48:59,39.217,-20
Troll,04/01/2024 08:25:07,04/01/2024 08:27:10,122.292,20
Troll,04/01/2024 08:25:39,04/01/2024 08:27:06,86.959,10
Punta Arenas,04/01/2024 11:49:17,04/01/2024 11:50:21,63.975,20
Troll,04/01/2024 13:17:25,04/01/2024 13:18:03,38.317,20
Fairbanks,04/01/2024 14:01:57,04/01/2024 14:04:09,131.026,-20
Troll,04/01/2024 14:54:11,04/01/2024 14:56:07,115.9,10
Troll,04/01/2024 14:54:48,04/01/2024 14:55:30,42.897,0
Troll,04/01/2024 14:55:06,04/01/2024 14:55:56,50.783,20
Svalbard,04/01/2024 17:29:31,04/01/2024 17:31:58,146.72,20
Svalbard,04/01/2024 17:30:21,04/01/2024 17:31:09,48.233,10
Svalbard,04/01/2024 19:08:11,04/01/2024 19:10:10,118.434,0
Svalbard,04/01/2024 19:08:22,04/01/2024 19:09:59,96.779,-10
Svalbard,04/01/2024 19:08:48,04/01/2024 19:09:33,44.578,-20
Svalbard,04/01/2024 20:46:00,04/01/2024 20:46:57,57.729,-20
Punta Arenas,04/01/2024 21:24:31,04/01/2024 21:26:21,110.484,10
Punta Arenas,04/01/2024 21:24:34,04/01/2024 21:26:05,91.477,0
Svalbard,04/02/2024 00:01:21,04/02/2024 00:01:38,16.451,-20
Svalbard,04/02/2024 01:39:29,04/02/2024 01:41:27,117.97,-10
Svalbard,04/02/2024 01:39:39,04/02/2024 01:41:17,97.777,-20
Svalbard,04/02/2024 03:17:30,04/02/2024 03:20:02,151.572,20
Svalbard,04/02/2024 03:17:51,04/02/2024 03:19:40,109.079,10
Fairbanks,04/02/2024 03:28:08,04/02/2024 03:29:34,85.879,20
Fairbanks,04/02/2024 05:06:00,04/02/2024 05:06:30,30.756,-20
Troll,04/02/2024 07:32:46,04/02/2024 07:34:15,88.194,0
Troll,04/02/2024 07:33:03,04/02/2024 07:34:21,77.954,-10
Troll,04/02/2024 09:10:22,04/02/2024 09:12:17,115.544,20
Punta Arenas,04/02/2024 10:56:37,04/02/2024 10:57:32,55.268,-20
Troll,04/02/2024 14:01:31,04/02/2024 14:03:41,130.254,20
Fairbanks,04/02/2024 14:47:09,04/02/2024 14:49:22,133.093,20
Fairbanks,04/02/2024 14:47:19,04/02/2024 14:49:22,123.531,10
Fairbanks,04/02/2024 14:47:39,04/02/2024 14:49:00,80.2,0
Troll,04/02/2024 15:39:27,04/02/2024 15:41:09,102.113,-10
Troll,04/02/2024 15:39:49,04/02/2024 15:40:47,58.03,-20
Svalbard,04/02/2024 16:37:02,04/02/2024 16:37:58,56.446,20
Svalbard,04/02/2024 18:14:58,04/02/2024 18:16:51,112.21,20
Svalbard,04/02/2024 18:15:12,04/02/2024 18:17:13,121.283,10
Svalbard,04/02/2024 18:15:39,04/02/2024 18:16:47,67.846,0
Svalbard,04/02/2024 19:53:24,04/02/2024 19:54:41,77.079,-10
Svalbard,04/02/2024 19:53:29,04/02/2024 19:55:22,112.908,-20
Svalbard,04/03/2024 00:46:34,04/03/2024 00:48:49,135.005,-20
Svalbard,04/03/2024 02:24:42,04/03/2024 02:26:24,102.011,10
Svalbard,04/03/2024 02:24:49,04/03/2024 02:26:41,111.91,0
Svalbard,04/03/2024 02:25:07,04/03/2024 02:26:23,76.073,-10
Svalbard,04/03/2024 04:03:09,04/03/2024 04:05:24,135.178,20
Fairbanks,04/03/2024 04:13:06,04/03/2024 04:14:09,63.267,20
Fairbanks,04/03/2024 04:13:17,04/03/2024 04:15:21,124.091,10
Fairbanks,04/03/2024 04:13:39,04/03/2024 04:15:01,81.435,0
Troll,04/03/2024 08:17:36,04/03/2024 08:19:49,133.759,20
Troll,04/03/2024 08:17:59,04/03/2024 08:19:39,100.452,10
Punta Arenas,04/03/2024 11:41:38,04/03/2024 11:43:36,118.002,20
Punta Arenas,04/03/2024 11:42:21,04/03/2024 11:43:17,56.565,10
Fairbanks,04/03/2024 13:54:19,04/03/2024 13:55:40,81.497,-20
Fairbanks,04/03/2024 13:56:00,04/03/2024 13:56:40,39.264,-20
Troll,04/03/2024 14:46:42,04/03/2024 14:48:29,107.281,10
Troll,04/03/2024 14:46:43,04/03/2024 14:48:50,127.87,20
Fairbanks,04/03/2024 15:33:07,04/03/2024 15:34:31,83.397,20
Svalbard,04/03/2024 17:21:55,04/03/2024 17:24:18,142.323,20
Svalbard,04/03/2024 19:00:37,04/03/2024 19:02:33,115.974,0
Svalbard,04/03/2024 19:00:51,04/03/2024 19:02:19,88.253,-10
Svalbard,04/03/2024 20:38:27,04/03/2024 20:39:32,65.37,-20
Punta Arenas,04/03/2024 21:16:48,04/03/2024 21:18:42,114.706,10
Punta Arenas,04/03/2024 21:17:26,04/03/2024 21:18:06,40.63,0
Svalbard,04/03/2024 23:53:47,04/03/2024 23:53:49,1.368,-20
Svalbard,04/04/2024 01:31:53,04/04/2024 01:33:54,121.027,-10
Svalbard,04/04/2024 01:32:00,04/04/2024 01:33:46,105.551,-20
Svalbard,04/04/2024 03:09:54,04/04/2024 03:12:24,150.276,20
Svalbard,04/04/2024 03:10:10,04/04/2024 03:12:06,115.79,10
Svalbard,04/04/2024 03:10:46,04/04/2024 03:11:30,43.238,0
Fairbanks,04/04/2024 04:58:31,04/04/2024 04:59:56,84.826,-20
Troll,04/04/2024 07:25:14,04/04/2024 07:27:07,112.924,0
Troll,04/04/2024 07:25:21,04/04/2024 07:26:55,94.09,-10
Troll,04/04/2024 07:25:50,04/04/2024 07:26:24,33.869,-20
Troll,04/04/2024 09:02:45,04/04/2024 09:04:50,124.906,20
Punta Arenas,04/04/2024 10:51:06,04/04/2024 10:51:15,8.903,-20
Troll,04/04/2024 13:54:03,04/04/2024 13:56:05,121.697,20
Fairbanks,04/04/2024 14:39:41,04/04/2024 14:41:48,127.116,10
Fairbanks,04/04/2024 14:39:53,04/04/2024 14:41:34,101.566,0
Fairbanks,04/04/2024 14:40:21,04/04/2024 14:41:05,44.431,-10
Troll,04/04/2024 15:31:44,04/04/2024 15:33:41,116.554,0
Troll,04/04/2024 15:31:59,04/04/2024 15:33:27,88.559,-10
Svalbard,04/04/2024 18:07:21,04/04/2024 18:09:28,127.966,20
Svalbard,04/04/2024 18:07:38,04/04/2024 18:09:34,116.582,10
Svalbard,04/04/2024 18:08:13,04/04/2024 18:09:00,46.804,0
Svalbard,04/04/2024 19:45:50,04/04/2024 19:47:39,108.914,-10
Svalbard,04/04/2024 19:45:58,04/04/2024 19:47:44,106.368,-20
Svalbard,04/05/2024 00:38:59,04/05/2024 00:40:28,88.607,-20
Svalbard,04/05/2024 00:40:59,04/05/2024 00:41:17,17.541,-20
Svalbard,04/05/2024 02:17:12,04/05/2024 02:19:07,115.591,0
Svalbard,04/05/2024 02:17:21,04/05/2024 02:17:40,19.191,10
Svalbard,04/05/2024 02:17:26,04/05/2024 02:18:53,87.141,-10
Svalbard,04/05/2024 03:55:27,04/05/2024 03:57:49,141.541,20
Fairbanks,04/05/2024 04:05:27,04/05/2024 04:07:26,118.764,20
Fairbanks,04/05/2024 04:05:46,04/05/2024 04:07:40,114.613,10
Fairbanks,04/05/2024 04:06:25,04/05/2024 04:07:03,38.584,0
Troll,04/05/2024 06:34:19,04/05/2024 06:34:27,8.076,-20
Troll,04/05/2024 08:10:16,04/05/2024 08:12:32,135.879,20
Troll,04/05/2024 08:10:21,04/05/2024 08:12:11,110.651,10
Punta Arenas,04/05/2024 11:34:02,04/05/2024 11:36:33,150.666,20
Punta Arenas,04/05/2024 11:34:26,04/05/2024 11:36:07,101.19,10
Troll,04/05/2024 14:38:45,04/05/2024 14:41:17,151.734,20
Troll,04/05/2024 14:39:14,04/05/2024 14:40:50,95.832,10
Fairbanks,04/05/2024 15:25:13,04/05/2024 15:27:09,116.751,20
Troll,04/05/2024 16:18:53,04/05/2024 16:19:08,15.123,-20
Svalbard,04/05/2024 17:14:20,04/05/2024 17:16:37,136.315,20
Svalbard,04/05/2024 18:52:55,04/05/2024 18:53:48,52.765,10
Svalbard,04/05/2024 18:53:03,04/05/2024 18:54:55,112.49,0
Svalbard,04/05/2024 18:53:21,04/05/2024 18:54:38,77.577,-10
Svalbard,04/05/2024 20:30:54,04/05/2024 20:32:12,78.055,-20
Punta Arenas,04/05/2024 21:08:55,04/05/2024 21:11:26,150.114,20
Punta Arenas,04/05/2024 21:09:28,04/05/2024 21:10:56,87.615,10
Svalbard,04/06/2024 01:24:17,04/06/2024 01:25:58,101.533,-10
Svalbard,04/06/2024 01:24:22,04/06/2024 01:26:14,112.264,-20
Svalbard,04/06/2024 03:02:18,04/06/2024 03:04:27,128.584,20
Svalbard,04/06/2024 03:02:31,04/06/2024 03:04:32,120.767,10
Svalbard,04/06/2024 03:02:58,04/06/2024 03:04:04,65.844,0
Svalbard,04/06/2024 04:41:49,04/06/2024 04:42:40,51.392,20
Fairbanks,04/06/2024 04:50:59,04/06/2024 04:51:18,18.395,-10
Fairbanks,04/06/2024 04:51:04,04/06/2024 04:53:01,117.511,-20
Troll,04/06/2024 07:17:40,04/06/2024 07:19:26,106.212,-10
Troll,04/06/2024 07:17:58,04/06/2024 07:19:07,68.571,-20
Troll,04/06/2024 07:18:25,04/06/2024 07:19:34,68.725,0
Troll,04/06/2024 08:55:09,04/06/2024 08:57:22,132.778,20
Troll,04/06/2024 13:46:36,04/06/2024 13:48:28,111.552,20
Fairbanks,04/06/2024 14:32:06,04/06/2024 14:33:31,84.581,10
Fairbanks,04/06/2024 14:32:11,04/06/2024 14:34:05,113.665,0
Fairbanks,04/06/2024 14:32:26,04/06/2024 14:33:48,82.383,-10
Troll,04/06/2024 15:24:13,04/06/2024 15:26:03,110.337,0
Troll,04/06/2024 15:24:33,04/06/2024 15:25:43,70.183,-10
Svalbard,04/06/2024 17:59:43,04/06/2024 18:02:05,142.395,20
Svalbard,04/06/2024 18:00:04,04/06/2024 18:01:54,110.201,10
Svalbard,04/06/2024 19:38:17,04/06/2024 19:40:15,118.448,-10
Svalbard,04/06/2024 19:38:27,04/06/2024 19:40:06,98.788,-20
Svalbard,04/07/2024 00:31:24,04/07/2024 00:32:09,45.03,-20
Svalbard,04/07/2024 02:09:35,04/07/2024 02:11:33,118.223,0
Svalbard,04/07/2024 02:09:46,04/07/2024 02:11:22,95.947,-10
Svalbard,04/07/2024 02:10:12,04/07/2024 02:10:54,41.903,-20
Svalbard,04/07/2024 03:47:47,04/07/2024 03:50:13,146.23,20
Svalbard,04/07/2024 03:48:38,04/07/2024 03:49:22,44.134,10
Fairbanks,04/07/2024 03:57:50,04/07/2024 04:00:21,151.456,20
Fairbanks,04/07/2024 03:58:18,04/07/2024 03:59:55,96.653,10
Troll,04/07/2024 08:02:43,04/07/2024 08:04:42,118.267,10
Troll,04/07/2024 08:03:00,04/07/2024 08:04:58,117.892,20
Troll,04/07/2024 08:03:14,04/07/2024 08:04:09,55.047,0
Troll,04/07/2024 09:40:44,04/07/2024 09:41:33,49.132,20
Punta Arenas,04/07/2024 11:26:43,04/07/2024 11:28:43,120.682,10
Punta Arenas,04/07/2024 11:27:02,04/07/2024 11:28:58,116.26,20
Punta Arenas,04/07/2024 11:27:08,04/07/2024 11:28:16,68.565,0
Troll,04/07/2024 14:31:13,04/07/2024 14:33:43,150.242,20
Troll,04/07/2024 14:31:49,04/07/2024 14:33:09,80.601,10
Fairbanks,04/07/2024 15:17:25,04/07/2024 15:19:41,135.85,20
