Svalbard,09/23/2023 20:35:04,09/23/2023 20:37:11
Punta Arenas,09/23/2023 21:14:19,09/23/2023 21:15:15
Svalbard,09/23/2023 22:14:59,09/23/2023 22:15:08
Svalbard,09/23/2023 23:52:29,09/23/2023 23:52:49
Svalbard,09/24/2023 01:28:21,09/24/2023 01:30:26
Svalbard,09/24/2023 03:06:29,09/24/2023 03:08:35
Svalbard,09/24/2023 04:45:20,09/24/2023 04:47:00
Fairbanks,09/24/2023 04:55:05,09/24/2023 04:57:03
Troll,09/24/2023 07:21:38,09/24/2023 07:23:29
Troll,09/24/2023 08:59:09,09/24/2023 09:01:37
Punta Arenas,09/24/2023 12:23:58,09/24/2023 12:24:45
Troll,09/24/2023 13:50:57,09/24/2023 13:52:24
Fairbanks,09/24/2023 14:36:13,09/24/2023 14:38:10
Troll,09/24/2023 15:28:07,09/24/2023 15:29:22
Svalbard,09/24/2023 18:03:42,09/24/2023 18:06:12
Svalbard,09/24/2023 19:42:19,09/24/2023 19:44:19
Svalbard,09/24/2023 21:20:04,09/24/2023 21:22:27
Punta Arenas,09/24/2023 21:59:03,09/24/2023 22:00:16
Svalbard,09/25/2023 00:35:29,09/25/2023 00:37:52
Svalbard,09/25/2023 02:13:37,09/25/2023 02:15:37
Svalbard,09/25/2023 03:51:43,09/25/2023 03:54:13
Fairbanks,09/25/2023 04:01:57,09/25/2023 04:04:10
Troll,09/25/2023 08:06:58,09/25/2023 08:08:35
Troll,09/25/2023 09:44:29,09/25/2023 09:46:07
Punta Arenas,09/25/2023 11:30:56,09/25/2023 11:32:36
Troll,09/25/2023 14:35:23,09/25/2023 14:37:47
Fairbanks,09/25/2023 15:21:18,09/25/2023 15:23:48
Troll,09/25/2023 16:13:22,09/25/2023 16:13:25
Troll,09/25/2023 16:13:32,09/25/2023 16:15:13
Svalbard,09/25/2023 17:10:57,09/25/2023 17:12:34
Svalbard,09/25/2023 18:49:13,09/25/2023 18:51:33
Svalbard,09/25/2023 20:27:30,09/25/2023 20:29:35
Punta Arenas,09/25/2023 21:06:12,09/25/2023 21:07:20
Svalbard,09/25/2023 22:07:07,09/25/2023 22:07:35
Svalbard,09/25/2023 23:44:52,09/25/2023 23:45:16
Svalbard,09/26/2023 01:20:45,09/26/2023 01:22:52
Svalbard,09/26/2023 02:58:53,09/26/2023 03:00:59
Svalbard,09/26/2023 04:37:34,09/26/2023 04:39:28
Fairbanks,09/26/2023 04:47:26,09/26/2023 04:49:30
Troll,09/26/2023 07:15:58,09/26/2023 07:15:59
Troll,09/26/2023 08:51:35,09/26/2023 08:54:06
Punta Arenas,09/26/2023 12:15:56,09/26/2023 12:17:45
Troll,09/26/2023 13:43:35,09/26/2023 13:44:44
Fairbanks,09/26/2023 14:28:35,09/26/2023 14:30:39
Troll,09/26/2023 15:20:35,09/26/2023 15:22:21
Svalbard,09/26/2023 17:56:06,09/26/2023 17:58:33
Svalbard,09/26/2023 19:34:44,09/26/2023 19:36:43
Svalbard,09/26/2023 21:12:31,09/26/2023 21:14:52
Punta Arenas,09/26/2023 21:50:51,09/26/2023 21:52:16
Svalbard,09/26/2023 22:52:31,09/26/2023 22:52:39
Svalbard,09/27/2023 00:27:54,09/27/2023 00:30:19
Svalbard,09/27/2023 02:06:02,09/27/2023 02:08:01
Svalbard,09/27/2023 03:44:06,09/27/2023 03:46:36
Fairbanks,09/27/2023 03:54:30,09/27/2023 03:56:21
Fairbanks,09/27/2023 05:32:28,09/27/2023 05:34:54
Troll,09/27/2023 07:59:18,09/27/2023 08:01:06
Troll,09/27/2023 09:36:52,09/27/2023 09:38:41
Punta Arenas,09/27/2023 11:23:20,09/27/2023 11:25:01
Troll,09/27/2023 14:27:53,09/27/2023 14:30:12
Fairbanks,09/27/2023 15:13:42,09/27/2023 15:16:10
Troll,09/27/2023 16:05:51,09/27/2023 16:06:35
Svalbard,09/27/2023 17:03:28,09/27/2023 17:04:44
Svalbard,09/27/2023 18:41:35,09/27/2023 18:43:58
Svalbard,09/27/2023 20:19:56,09/27/2023 20:22:00
Svalbard,09/27/2023 21:57:34,09/27/2023 21:58:01
Svalbard,09/27/2023 21:59:05,09/27/2023 22:00:01
Svalbard,09/27/2023 23:37:14,09/27/2023 23:37:42
Svalbard,09/28/2023 01:13:09,09/28/2023 01:15:20
Svalbard,09/28/2023 02:51:16,09/28/2023 02:53:23
Svalbard,09/28/2023 04:29:50,09/28/2023 04:31:55
Fairbanks,09/28/2023 04:39:45,09/28/2023 04:41:45
Troll,09/28/2023 08:44:32,09/28/2023 08:46:03
Punta Arenas,09/28/2023 12:08:11,09/28/2023 12:10:27
Troll,09/28/2023 13:36:15,09/28/2023 13:37:01
Fairbanks,09/28/2023 14:20:56,09/28/2023 14:23:07
Troll,09/28/2023 15:13:04,09/28/2023 15:15:01
Svalbard,09/28/2023 17:48:30,09/28/2023 17:50:53
Svalbard,09/28/2023 19:27:07,09/28/2023 19:29:08
Svalbard,09/28/2023 21:04:58,09/28/2023 21:07:17
Punta Arenas,09/28/2023 21:43:09,09/28/2023 21:44:20
Svalbard,09/28/2023 22:44:46,09/28/2023 22:45:05
Svalbard,09/29/2023 00:20:20,09/29/2023 00:22:45
Svalbard,09/29/2023 01:58:28,09/29/2023 02:00:25
Svalbard,09/29/2023 03:36:29,09/29/2023 03:38:59
Fairbanks,09/29/2023 03:47:10,09/29/2023 03:48:25
Fairbanks,09/29/2023 05:24:58,09/29/2023 05:27:17
Troll,09/29/2023 07:51:57,09/29/2023 07:53:18
Troll,09/29/2023 09:29:15,09/29/2023 09:31:15
Punta Arenas,09/29/2023 11:17:34,09/29/2023 11:17:39
Troll,09/29/2023 14:20:24,09/29/2023 14:22:37
Fairbanks,09/29/2023 15:06:17,09/29/2023 15:08:20
Troll,09/29/2023 15:58:21,09/29/2023 16:00:03
Svalbard,09/29/2023 16:56:06,09/29/2023 16:56:48
Svalbard,09/29/2023 18:33:57,09/29/2023 18:36:23
Svalbard,09/29/2023 20:12:22,09/29/2023 20:14:24
Svalbard,09/29/2023 21:50:00,09/29/2023 21:52:27
Svalbard,09/29/2023 23:29:35,09/29/2023 23:30:09
Svalbard,09/30/2023 01:05:33,09/30/2023 01:07:47
Svalbard,09/30/2023 02:43:41,09/30/2023 02:45:46
Svalbard,09/30/2023 04:22:08,09/30/2023 04:24:21
Fairbanks,09/30/2023 04:32:04,09/30/2023 04:34:26
Troll,09/30/2023 08:36:52,09/30/2023 08:38:37
Punta Arenas,09/30/2023 12:01:02,09/30/2023 12:03:02
Fairbanks,09/30/2023 14:13:17,09/30/2023 14:15:38
Troll,09/30/2023 15:05:35,09/30/2023 15:07:24
Fairbanks,09/30/2023 15:52:06,09/30/2023 15:53:28
Svalbard,09/30/2023 17:40:54,09/30/2023 17:43:13
Svalbard,09/30/2023 19:19:30,09/30/2023 19:21:33
Svalbard,09/30/2023 20:57:25,09/30/2023 20:59:42
Punta Arenas,09/30/2023 21:35:22,09/30/2023 21:35:56
Punta Arenas,09/30/2023 21:36:23,09/30/2023 21:36:57
Svalbard,09/30/2023 22:36:58,09/30/2023 22:37:32
Svalbard,10/01/2023 00:12:46,10/01/2023 00:15:12
Svalbard,10/01/2023 01:50:51,10/01/2023 01:52:51
Svalbard,10/01/2023 03:28:52,10/01/2023 03:31:21
Fairbanks,10/01/2023 05:17:29,10/01/2023 05:19:38
Troll,10/01/2023 07:44:15,10/01/2023 07:45:51
Troll,10/01/2023 09:21:38,10/01/2023 09:23:48
Troll,10/01/2023 14:12:56,10/01/2023 14:15:01
Fairbanks,10/01/2023 14:58:40,10/01/2023 15:00:46
Troll,10/01/2023 15:50:53,10/01/2023 15:52:22
Svalbard,10/01/2023 18:26:18,10/01/2023 18:28:47
Svalbard,10/01/2023 20:04:48,10/01/2023 20:06:48
Svalbard,10/01/2023 21:42:27,10/01/2023 21:44:53
Svalbard,10/01/2023 23:21:53,10/01/2023 23:22:35
Svalbard,10/02/2023 00:57:57,10/02/2023 01:00:14
Svalbard,10/02/2023 02:36:06,10/02/2023 02:38:09
Svalbard,10/02/2023 04:14:26,10/02/2023 04:16:45
Fairbanks,10/02/2023 04:24:24,10/02/2023 04:26:52
Troll,10/02/2023 08:29:15,10/02/2023 08:31:08
Troll,10/02/2023 10:07:18,10/02/2023 10:07:51
Punta Arenas,10/02/2023 11:53:20,10/02/2023 11:55:06
Fairbanks,10/02/2023 14:06:53,10/02/2023 14:08:07
Troll,10/02/2023 14:58:08,10/02/2023 14:59:45
Fairbanks,10/02/2023 15:44:11,10/02/2023 15:46:07
Svalbard,10/02/2023 17:33:19,10/02/2023 17:35:31
Svalbard,10/02/2023 19:11:53,10/02/2023 19:13:58
Svalbard,10/02/2023 20:49:52,10/02/2023 20:52:06
Punta Arenas,10/02/2023 21:27:49,10/02/2023 21:29:34
Svalbard,10/02/2023 22:27:30,10/02/2023 22:27:45
Svalbard,10/02/2023 22:29:03,10/02/2023 22:29:58
Svalbard,10/03/2023 00:05:12,10/03/2023 00:07:39
Svalbard,10/03/2023 01:43:15,10/03/2023 01:45:17
Svalbard,10/03/2023 03:21:17,10/03/2023 03:23:43
Svalbard,10/03/2023 05:00:51,10/03/2023 05:01:34
Fairbanks,10/03/2023 05:09:57,10/03/2023 05:11:59
Troll,10/03/2023 07:36:52,10/03/2023 07:38:04
Troll,10/03/2023 09:14:03,10/03/2023 09:16:20
Troll,10/03/2023 14:05:29,10/03/2023 14:07:25
Fairbanks,10/03/2023 14:51:10,10/03/2023 14:53:03
Troll,10/03/2023 15:43:07,10/03/2023 15:43:56
Svalbard,10/03/2023 18:18:41,10/03/2023 18:21:10
Svalbard,10/03/2023 19:57:14,10/03/2023 19:59:12
Svalbard,10/03/2023 21:34:54,10/03/2023 21:37:19
Punta Arenas,10/03/2023 22:13:10,10/03/2023 22:13:22
Svalbard,10/03/2023 23:14:08,10/03/2023 23:15:02
Svalbard,10/04/2023 00:50:22,10/04/2023 00:52:41
Svalbard,10/04/2023 02:28:33,10/04/2023 02:30:32
Svalbard,10/04/2023 04:07:11,10/04/2023 04:09:10
Fairbanks,10/04/2023 04:16:47,10/04/2023 04:19:16
Troll,10/04/2023 08:22:08,10/04/2023 08:23:08
Troll,10/04/2023 09:59:33,10/04/2023 10:00:35
Punta Arenas,10/04/2023 11:46:02,10/04/2023 11:47:16
Fairbanks,10/04/2023 14:00:00,10/04/2023 14:00:35
Troll,10/04/2023 14:50:07,10/04/2023 14:51:29
Fairbanks,10/04/2023 15:37:27,10/04/2023 15:38:38
Troll,10/04/2023 16:28:13,10/04/2023 16:28:14
Svalbard,10/04/2023 17:25:45,10/04/2023 17:27:48
Svalbard,10/04/2023 19:04:15,10/04/2023 19:06:23
Svalbard,10/04/2023 20:42:20,10/04/2023 20:44:30
Punta Arenas,10/04/2023 21:20:21,10/04/2023 21:22:37
Svalbard,10/04/2023 22:19:57,10/04/2023 22:22:25
Svalbard,10/04/2023 23:57:38,10/05/2023 00:00:05
Svalbard,10/05/2023 01:35:47,10/05/2023 01:37:43
Svalbard,10/05/2023 03:13:53,10/05/2023 03:16:04
Svalbard,10/05/2023 04:52:55,10/05/2023 04:54:11
Fairbanks,10/05/2023 05:02:23,10/05/2023 05:04:21
Troll,10/05/2023 07:29:07,10/05/2023 07:30:39
Troll,10/05/2023 09:06:28,10/05/2023 09:08:51
Troll,10/05/2023 13:58:04,10/05/2023 13:59:48
Fairbanks,10/05/2023 14:44:16,10/05/2023 14:45:30
Troll,10/05/2023 15:35:37,10/05/2023 15:37:04
Svalbard,10/05/2023 18:11:03,10/05/2023 18:13:33
Svalbard,10/05/2023 19:49:38,10/05/2023 19:51:37
Svalbard,10/05/2023 21:27:21,10/05/2023 21:29:44
Punta Arenas,10/05/2023 22:05:45,10/05/2023 22:06:45
Svalbard,10/05/2023 23:05:00,10/05/2023 23:05:19
Svalbard,10/05/2023 23:06:18,10/05/2023 23:07:28
Svalbard,10/06/2023 00:43:03,10/06/2023 00:45:08
Svalbard,10/06/2023 02:21:13,10/06/2023 02:22:55
Svalbard,10/06/2023 03:59:30,10/06/2023 04:01:33
Fairbanks,10/06/2023 04:09:12,10/06/2023 04:11:36
Troll,10/06/2023 08:14:24,10/06/2023 08:15:45
Troll,10/06/2023 09:51:52,10/06/2023 09:53:14
Punta Arenas,10/06/2023 11:38:38,10/06/2023 11:39:31
Fairbanks,10/06/2023 13:52:56,10/06/2023 13:53:01
Troll,10/06/2023 14:42:36,10/06/2023 14:44:16
Fairbanks,10/06/2023 15:29:27,10/06/2023 15:30:19
Troll,10/06/2023 16:20:44,10/06/2023 16:21:07
Svalbard,10/06/2023 17:18:12,10/06/2023 17:20:04
Svalbard,10/06/2023 18:56:36,10/06/2023 18:58:50
Svalbard,10/06/2023 20:34:47,10/06/2023 20:36:54
Punta Arenas,10/06/2023 21:13:00,10/06/2023 21:15:01
Svalbard,10/06/2023 22:12:24,10/06/2023 22:14:51
Svalbard,10/06/2023 23:50:14,10/06/2023 23:52:32
Svalbard,10/07/2023 01:28:13,10/07/2023 01:30:07
Svalbard,10/07/2023 03:06:26,10/07/2023 03:08:18
Svalbard,10/07/2023 04:45:06,10/07/2023 04:46:42
Fairbanks,10/07/2023 04:54:48,10/07/2023 04:56:46
Troll,10/07/2023 07:23:05,10/07/2023 07:23:12
Troll,10/07/2023 08:59:23,10/07/2023 09:00:59
Punta Arenas,10/07/2023 12:23:52,10/07/2023 12:24:19
Troll,10/07/2023 13:50:39,10/07/2023 13:52:10
Fairbanks,10/07/2023 14:36:14,10/07/2023 14:37:41
Troll,10/07/2023 15:28:09,10/07/2023 15:29:40
Svalbard,10/07/2023 18:03:26,10/07/2023 18:05:55
Svalbard,10/07/2023 19:42:03,10/07/2023 19:44:02
Svalbard,10/07/2023 21:19:47,10/07/2023 21:22:10
Punta Arenas,10/07/2023 21:58:11,10/07/2023 21:59:00
Svalbard,10/07/2023 22:57:27,10/07/2023 22:59:55
Svalbard,10/08/2023 00:35:16,10/08/2023 00:37:35
Svalbard,10/08/2023 02:13:25,10/08/2023 02:15:20
Svalbard,10/08/2023 03:51:28,10/08/2023 03:53:57
Fairbanks,10/08/2023 04:01:40,10/08/2023 04:03:54
Fairbanks,10/08/2023 05:39:43,10/08/2023 05:40:46
Troll,10/08/2023 08:06:43,10/08/2023 08:08:19
Troll,10/08/2023 09:44:13,10/08/2023 09:45:50
Punta Arenas,10/08/2023 11:31:10,10/08/2023 11:31:50
Troll,10/08/2023 14:35:05,10/08/2023 14:36:57
Fairbanks,10/08/2023 15:21:04,10/08/2023 15:23:31
Troll,10/08/2023 16:13:15,10/08/2023 16:14:10
Svalbard,10/08/2023 17:10:40,10/08/2023 17:12:18
Svalbard,10/08/2023 18:48:57,10/08/2023 18:51:15
Svalbard,10/08/2023 20:27:13,10/08/2023 20:29:18
Punta Arenas,10/08/2023 21:05:49,10/08/2023 21:07:10
Svalbard,10/08/2023 22:04:50,10/08/2023 22:07:17
Svalbard,10/08/2023 23:42:31,10/08/2023 23:44:58
Svalbard,10/09/2023 01:20:29,10/09/2023 01:22:35
Svalbard,10/09/2023 02:58:32,10/09/2023 03:00:47
Svalbard,10/09/2023 04:37:20,10/09/2023 04:39:10
Fairbanks,10/09/2023 04:47:09,10/09/2023 04:49:13
Troll,10/09/2023 08:51:58,10/09/2023 08:53:10
Punta Arenas,10/09/2023 12:15:43,10/09/2023 12:17:26
Troll,10/09/2023 13:43:16,10/09/2023 13:44:31
Fairbanks,10/09/2023 14:28:19,10/09/2023 14:30:21
Troll,10/09/2023 15:20:18,10/09/2023 15:20:35
Troll,10/09/2023 15:20:44,10/09/2023 15:21:58
Svalbard,10/09/2023 17:55:49,10/09/2023 17:58:16
Svalbard,10/09/2023 19:34:28,10/09/2023 19:36:26
Svalbard,10/09/2023 21:12:14,10/09/2023 21:14:35
Punta Arenas,10/09/2023 21:50:33,10/09/2023 21:51:14
Svalbard,10/09/2023 22:49:54,10/09/2023 22:52:22
Svalbard,10/10/2023 00:27:38,10/10/2023 00:30:01
Svalbard,10/10/2023 02:05:45,10/10/2023 02:07:44
Svalbard,10/10/2023 03:43:50,10/10/2023 03:46:19
Fairbanks,10/10/2023 03:54:12,10/10/2023 03:56:06
Fairbanks,10/10/2023 05:32:11,10/10/2023 05:34:37
Troll,10/10/2023 07:59:29,10/10/2023 08:00:24
Troll,10/10/2023 09:36:36,10/10/2023 09:38:25
Punta Arenas,10/10/2023 11:23:40,10/10/2023 11:24:43
Troll,10/10/2023 14:27:36,10/10/2023 14:29:35
Fairbanks,10/10/2023 15:13:26,10/10/2023 15:15:54
Troll,10/10/2023 16:05:49,10/10/2023 16:07:14
Svalbard,10/10/2023 17:03:11,10/10/2023 17:04:29
Svalbard,10/10/2023 18:41:19,10/10/2023 18:43:41
Svalbard,10/10/2023 20:19:39,10/10/2023 20:21:42
Svalbard,10/10/2023 21:57:17,10/10/2023 21:59:44
Svalbard,10/10/2023 23:34:57,10/10/2023 23:37:25
Svalbard,10/11/2023 01:12:52,10/11/2023 01:15:02
Svalbard,10/11/2023 02:51:00,10/11/2023 02:53:06
Svalbard,10/11/2023 04:29:35,10/11/2023 04:31:37
Fairbanks,10/11/2023 04:39:29,10/11/2023 04:41:40
Troll,10/11/2023 08:44:17,10/11/2023 08:45:46
Punta Arenas,10/11/2023 12:08:06,10/11/2023 12:10:10
Troll,10/11/2023 13:35:55,10/11/2023 13:36:49
Fairbanks,10/11/2023 14:20:40,10/11/2023 14:22:49
Troll,10/11/2023 15:12:48,10/11/2023 15:13:47
Svalbard,10/11/2023 17:48:13,10/11/2023 17:50:37
Svalbard,10/11/2023 19:26:50,10/11/2023 19:28:51
Svalbard,10/11/2023 21:04:41,10/11/2023 21:07:00
Punta Arenas,10/11/2023 21:42:52,10/11/2023 21:43:17
Svalbard,10/11/2023 22:42:20,10/11/2023 22:44:48
Svalbard,10/12/2023 00:20:03,10/12/2023 00:22:28
Svalbard,10/12/2023 01:58:10,10/12/2023 02:00:09
Svalbard,10/12/2023 03:36:13,10/12/2023 03:38:42
Fairbanks,10/12/2023 03:46:50,10/12/2023 03:48:11
Fairbanks,10/12/2023 05:24:40,10/12/2023 05:27:00
Troll,10/12/2023 07:51:43,10/12/2023 07:53:01
Troll,10/12/2023 09:28:59,10/12/2023 09:30:59
Troll,10/12/2023 14:20:07,10/12/2023 14:22:12
Fairbanks,10/12/2023 15:05:52,10/12/2023 15:08:15
Troll,10/12/2023 15:58:04,10/12/2023 15:58:29
Svalbard,10/12/2023 16:55:48,10/12/2023 16:56:34
Svalbard,10/12/2023 18:33:40,10/12/2023 18:36:05
Svalbard,10/12/2023 20:12:05,10/12/2023 20:14:07
Svalbard,10/12/2023 21:49:43,10/12/2023 21:52:10
Svalbard,10/12/2023 23:27:24,10/12/2023 23:29:51
Svalbard,10/13/2023 01:05:16,10/13/2023 01:07:29
Svalbard,10/13/2023 02:43:24,10/13/2023 02:45:29
Svalbard,10/13/2023 04:21:52,10/13/2023 04:24:03
Fairbanks,10/13/2023 04:31:47,10/13/2023 04:34:09
Troll,10/13/2023 08:36:37,10/13/2023 08:38:20
Punta Arenas,10/13/2023 12:01:01,10/13/2023 12:01:58
Troll,10/13/2023 13:28:44,10/13/2023 13:28:58
Fairbanks,10/13/2023 14:13:01,10/13/2023 14:15:20
Troll,10/13/2023 15:05:18,10/13/2023 15:06:40
Fairbanks,10/13/2023 15:51:55,10/13/2023 15:53:07
Svalbard,10/13/2023 17:40:37,10/13/2023 17:42:56
Svalbard,10/13/2023 19:19:13,10/13/2023 19:21:16
Svalbard,10/13/2023 20:57:08,10/13/2023 20:59:24
Punta Arenas,10/13/2023 21:35:24,10/13/2023 21:36:41
Svalbard,10/13/2023 22:34:47,10/13/2023 22:37:14
Svalbard,10/14/2023 00:12:29,10/14/2023 00:14:55
Svalbard,10/14/2023 01:50:35,10/14/2023 01:52:34
Svalbard,10/14/2023 03:28:36,10/14/2023 03:31:04
Fairbanks,10/14/2023 05:17:11,10/14/2023 05:19:21
Troll,10/14/2023 07:44:32,10/14/2023 07:45:03
Troll,10/14/2023 07:45:28,10/14/2023 07:45:35
Troll,10/14/2023 09:21:23,10/14/2023 09:23:32
Troll,10/14/2023 14:12:39,10/14/2023 14:14:46
Fairbanks,10/14/2023 14:58:23,10/14/2023 15:00:29
Troll,10/14/2023 15:50:36,10/14/2023 15:51:34
Svalbard,10/14/2023 18:26:02,10/14/2023 18:28:30
Svalbard,10/14/2023 20:04:31,10/14/2023 20:06:31
Svalbard,10/14/2023 21:42:10,10/14/2023 21:44:36
Svalbard,10/14/2023 23:19:50,10/14/2023 23:22:18
Svalbard,10/15/2023 00:57:41,10/15/2023 00:59:57
Svalbard,10/15/2023 02:35:49,10/15/2023 02:37:52
Svalbard,10/15/2023 04:14:11,10/15/2023 04:16:28
Fairbanks,10/15/2023 04:24:08,10/15/2023 04:26:35
Troll,10/15/2023 10:07:04,10/15/2023 10:07:33
Punta Arenas,10/15/2023 11:53:21,10/15/2023 11:54:48
Fairbanks,10/15/2023 14:05:24,10/15/2023 14:07:49
Troll,10/15/2023 14:57:51,10/15/2023 14:59:27
Fairbanks,10/15/2023 15:43:58,10/15/2023 15:45:48
Svalbard,10/15/2023 17:33:02,10/15/2023 17:35:15
Svalbard,10/15/2023 19:11:36,10/15/2023 19:13:41
Svalbard,10/15/2023 20:49:35,10/15/2023 20:51:49
Punta Arenas,10/15/2023 21:27:32,10/15/2023 21:28:32
Svalbard,10/15/2023 22:27:13,10/15/2023 22:29:41
Svalbard,10/16/2023 00:04:55,10/16/2023 00:07:21
Svalbard,10/16/2023 01:42:59,10/16/2023 01:45:00
Svalbard,10/16/2023 03:21:00,10/16/2023 03:23:26
Svalbard,10/16/2023 05:00:41,10/16/2023 05:01:11
Fairbanks,10/16/2023 05:09:39,10/16/2023 05:11:42
Troll,10/16/2023 07:36:39,10/16/2023 07:37:47
Troll,10/16/2023 09:14:06,10/16/2023 09:15:55
Troll,10/16/2023 14:05:12,10/16/2023 14:07:10
Fairbanks,10/16/2023 14:50:48,10/16/2023 14:52:52
Troll,10/16/2023 15:43:10,10/16/2023 15:44:24
Svalbard,10/16/2023 18:18:24,10/16/2023 18:20:53
Svalbard,10/16/2023 19:56:57,10/16/2023 19:58:55
Svalbard,10/16/2023 21:34:37,10/16/2023 21:37:01
Svalbard,10/16/2023 23:12:17,10/16/2023 23:14:44
Svalbard,10/17/2023 00:50:05,10/17/2023 00:52:23
Svalbard,10/17/2023 02:28:14,10/17/2023 02:30:15
Svalbard,10/17/2023 04:06:30,10/17/2023 04:08:52
Fairbanks,10/17/2023 04:16:30,10/17/2023 04:18:59
Troll,10/17/2023 08:21:54,10/17/2023 08:22:50
Troll,10/17/2023 09:59:18,10/17/2023 10:00:18
Punta Arenas,10/17/2023 11:45:50,10/17/2023 11:46:57
Fairbanks,10/17/2023 13:58:48,10/17/2023 14:00:17
Troll,10/17/2023 14:50:25,10/17/2023 14:51:51
Fairbanks,10/17/2023 15:36:09,10/17/2023 15:38:20
Svalbard,10/17/2023 17:25:28,10/17/2023 17:27:32
Svalbard,10/17/2023 19:03:58,10/17/2023 19:06:06
Svalbard,10/17/2023 20:42:02,10/17/2023 20:44:13
Punta Arenas,10/17/2023 21:20:04,10/17/2023 21:21:39
Svalbard,10/17/2023 22:19:40,10/17/2023 22:22:07
Svalbard,10/17/2023 23:57:21,10/17/2023 23:59:48
Svalbard,10/18/2023 01:35:23,10/18/2023 01:37:26
Svalbard,10/18/2023 03:13:25,10/18/2023 03:15:48
Svalbard,10/18/2023 04:52:41,10/18/2023 04:53:52
Fairbanks,10/18/2023 05:02:06,10/18/2023 05:04:04
Troll,10/18/2023 07:30:08,10/18/2023 07:30:23
Troll,10/18/2023 13:57:46,10/18/2023 13:59:33
Fairbanks,10/18/2023 14:43:15,10/18/2023 14:45:12
Troll,10/18/2023 15:35:20,10/18/2023 15:35:40
Troll,10/18/2023 15:35:49,10/18/2023 15:36:37
Svalbard,10/18/2023 18:10:47,10/18/2023 18:13:16
Svalbard,10/18/2023 19:49:21,10/18/2023 19:51:20
Svalbard,10/18/2023 21:27:03,10/18/2023 21:29:27
Punta Arenas,10/18/2023 22:05:27,10/18/2023 22:05:58
Svalbard,10/18/2023 23:04:43,10/18/2023 23:07:11
Svalbard,10/19/2023 00:42:30,10/19/2023 00:44:50
Svalbard,10/19/2023 02:20:40,10/19/2023 02:22:38
Svalbard,10/19/2023 03:58:50,10/19/2023 04:01:16
Fairbanks,10/19/2023 04:08:55,10/19/2023 04:11:20
Fairbanks,10/19/2023 05:47:00,10/19/2023 05:47:54
Troll,10/19/2023 08:14:09,10/19/2023 08:15:28
Troll,10/19/2023 09:51:37,10/19/2023 09:52:57
Punta Arenas,10/19/2023 11:38:29,10/19/2023 11:39:10
Punta Arenas,10/19/2023 11:39:17,10/19/2023 11:39:41
Fairbanks,10/19/2023 13:51:50,10/19/2023 13:52:43
Troll,10/19/2023 14:43:02,10/19/2023 14:44:09
Fairbanks,10/19/2023 15:28:26,10/19/2023 15:30:49
Svalbard,10/19/2023 17:17:54,10/19/2023 17:19:48
Svalbard,10/19/2023 18:56:19,10/19/2023 18:58:32
Svalbard,10/19/2023 20:34:30,10/19/2023 20:36:37
Punta Arenas,10/19/2023 21:12:41,10/19/2023 21:14:35
Svalbard,10/19/2023 22:12:06,10/19/2023 22:14:34
Svalbard,10/19/2023 23:49:47,10/19/2023 23:52:14
Svalbard,10/20/2023 01:27:47,10/20/2023 01:29:52
Svalbard,10/20/2023 03:05:50,10/20/2023 03:08:09
Svalbard,10/20/2023 04:44:51,10/20/2023 04:46:24
Fairbanks,10/20/2023 04:54:31,10/20/2023 04:56:29
Troll,10/20/2023 08:59:32,10/20/2023 09:00:10
Troll,10/20/2023 13:50:21,10/20/2023 13:51:55
Fairbanks,10/20/2023 14:35:39,10/20/2023 14:37:38
Troll,10/20/2023 15:27:52,10/20/2023 15:28:40
Svalbard,10/20/2023 18:03:09,10/20/2023 18:05:38
Svalbard,10/20/2023 19:41:46,10/20/2023 19:43:44
Svalbard,10/20/2023 21:19:30,10/20/2023 21:21:52
Punta Arenas,10/20/2023 21:58:43,10/20/2023 21:59:21
Svalbard,10/20/2023 22:57:10,10/20/2023 22:59:38
Svalbard,10/21/2023 00:34:55,10/21/2023 00:37:17
Svalbard,10/21/2023 02:13:04,10/21/2023 02:15:03
Svalbard,10/21/2023 03:51:11,10/21/2023 03:53:40
Fairbanks,10/21/2023 04:01:22,10/21/2023 04:03:38
Fairbanks,10/21/2023 05:39:26,10/21/2023 05:41:54
Troll,10/21/2023 09:43:58,10/21/2023 09:45:33
Punta Arenas,10/21/2023 11:31:04,10/21/2023 11:31:25
Punta Arenas,10/21/2023 11:31:33,10/21/2023 11:32:01
Fairbanks,10/21/2023 13:44:43,10/21/2023 13:45:08
Troll,10/21/2023 14:35:46,10/21/2023 14:36:21
Fairbanks,10/21/2023 15:20:46,10/21/2023 15:23:14
Svalbard,10/21/2023 17:10:22,10/21/2023 17:12:03
Svalbard,10/21/2023 18:48:41,10/21/2023 18:50:58
Svalbard,10/21/2023 20:26:56,10/21/2023 20:29:01
Punta Arenas,10/21/2023 21:05:58,10/21/2023 21:06:59
Svalbard,10/21/2023 22:04:33,10/21/2023 22:07:00
Svalbard,10/21/2023 23:42:14,10/21/2023 23:44:41
Svalbard,10/22/2023 01:20:12,10/22/2023 01:22:17
Svalbard,10/22/2023 02:58:15,10/22/2023 03:00:30
Svalbard,10/22/2023 04:37:04,10/22/2023 04:38:53
Fairbanks,10/22/2023 04:46:53,10/22/2023 04:48:55
Troll,10/22/2023 08:51:44,10/22/2023 08:52:53
Punta Arenas,10/22/2023 12:15:31,10/22/2023 12:17:06
Troll,10/22/2023 13:42:58,10/22/2023 13:44:16
Fairbanks,10/22/2023 14:28:02,10/22/2023 14:30:04
Troll,10/22/2023 15:20:27,10/22/2023 15:21:37
Svalbard,10/22/2023 17:55:32,10/22/2023 17:58:00
Svalbard,10/22/2023 19:34:10,10/22/2023 19:36:09
Svalbard,10/22/2023 21:11:57,10/22/2023 21:14:18
Punta Arenas,10/22/2023 21:51:11,10/22/2023 21:51:32
Svalbard,10/22/2023 22:49:36,10/22/2023 22:52:04
Svalbard,10/23/2023 00:27:21,10/23/2023 00:29:44
Svalbard,10/23/2023 02:05:28,10/23/2023 02:07:27
Svalbard,10/23/2023 03:43:33,10/23/2023 03:46:03
Fairbanks,10/23/2023 03:53:53,10/23/2023 03:55:52
Fairbanks,10/23/2023 05:31:53,10/23/2023 05:34:20
Troll,10/23/2023 07:59:16,10/23/2023 08:00:06
Troll,10/23/2023 09:36:21,10/23/2023 09:38:08
Punta Arenas,10/23/2023 11:23:55,10/23/2023 11:24:24
Troll,10/23/2023 14:27:19,10/23/2023 14:27:53
Fairbanks,10/23/2023 15:13:09,10/23/2023 15:15:37
Troll,10/23/2023 16:05:32,10/23/2023 16:06:03
Svalbard,10/23/2023 17:02:53,10/23/2023 17:04:14
Svalbard,10/23/2023 18:41:02,10/23/2023 18:43:24
Svalbard,10/23/2023 20:19:22,10/23/2023 20:21:25
Svalbard,10/23/2023 21:57:00,10/23/2023 21:59:26
Svalbard,10/23/2023 23:34:40,10/23/2023 23:37:07
Svalbard,10/24/2023 01:12:36,10/24/2023 01:14:45
Svalbard,10/24/2023 02:50:42,10/24/2023 02:52:51
Svalbard,10/24/2023 04:29:20,10/24/2023 04:31:20
Fairbanks,10/24/2023 04:39:13,10/24/2023 04:41:22
Troll,10/24/2023 08:44:02,10/24/2023 08:45:30
Punta Arenas,10/24/2023 12:08:33,10/24/2023 12:09:51
Troll,10/24/2023 13:35:37,10/24/2023 13:36:35
Fairbanks,10/24/2023 14:20:24,10/24/2023 14:22:31
Troll,10/24/2023 15:13:05,10/24/2023 15:13:59
Svalbard,10/24/2023 17:47:56,10/24/2023 17:50:20
Svalbard,10/24/2023 19:26:34,10/24/2023 19:28:34
Svalbard,10/24/2023 21:04:24,10/24/2023 21:06:43
Punta Arenas,10/24/2023 21:42:52,10/24/2023 21:43:44
Svalbard,10/24/2023 22:42:03,10/24/2023 22:44:31
Svalbard,10/25/2023 00:19:46,10/25/2023 00:22:11
Svalbard,10/25/2023 01:57:53,10/25/2023 01:59:52
Svalbard,10/25/2023 03:35:56,10/25/2023 03:38:25
Fairbanks,10/25/2023 03:46:30,10/25/2023 03:47:59
Fairbanks,10/25/2023 05:24:22,10/25/2023 05:26:44
Troll,10/25/2023 07:52:26,10/25/2023 07:52:44
Troll,10/25/2023 09:29:00,10/25/2023 09:30:38
Troll,10/25/2023 14:19:51,10/25/2023 14:20:45
Fairbanks,10/25/2023 15:05:34,10/25/2023 15:07:58
Troll,10/25/2023 15:58:08,10/25/2023 15:59:14
Svalbard,10/25/2023 16:55:28,10/25/2023 16:56:21
Svalbard,10/25/2023 18:33:23,10/25/2023 18:35:49
Svalbard,10/25/2023 20:11:48,10/25/2023 20:13:50
Svalbard,10/25/2023 21:49:26,10/25/2023 21:51:52
Svalbard,10/25/2023 23:27:06,10/25/2023 23:29:34
Svalbard,10/26/2023 01:04:59,10/26/2023 01:07:12
Svalbard,10/26/2023 02:43:07,10/26/2023 02:45:12
Svalbard,10/26/2023 04:21:36,10/26/2023 04:23:46
Fairbanks,10/26/2023 04:31:31,10/26/2023 04:33:52
Punta Arenas,10/26/2023 12:00:53,10/26/2023 12:01:34
Troll,10/26/2023 13:28:23,10/26/2023 13:28:48
Fairbanks,10/26/2023 14:12:45,10/26/2023 14:15:02
Troll,10/26/2023 15:05:02,10/26/2023 15:05:09
Fairbanks,10/26/2023 15:51:43,10/26/2023 15:52:46
Svalbard,10/26/2023 17:40:20,10/26/2023 17:42:40
Svalbard,10/26/2023 19:18:56,10/26/2023 19:20:59
Svalbard,10/26/2023 20:56:51,10/26/2023 20:59:08
Punta Arenas,10/26/2023 21:35:07,10/26/2023 21:35:50
Svalbard,10/26/2023 22:34:29,10/26/2023 22:36:57
Svalbard,10/27/2023 00:12:12,10/27/2023 00:14:37
Svalbard,10/27/2023 01:50:18,10/27/2023 01:52:16
Svalbard,10/27/2023 03:28:19,10/27/2023 03:30:47
Fairbanks,10/27/2023 05:16:53,10/27/2023 05:19:05
Troll,10/27/2023 07:44:22,10/27/2023 07:44:42
Troll,10/27/2023 14:12:23,10/27/2023 14:13:26
Fairbanks,10/27/2023 14:58:02,10/27/2023 15:00:18
Troll,10/27/2023 15:50:19,10/27/2023 15:50:29
Troll,10/27/2023 15:50:54,10/27/2023 15:51:19
Svalbard,10/27/2023 18:25:45,10/27/2023 18:28:13
Svalbard,10/27/2023 20:04:14,10/27/2023 20:06:14
Svalbard,10/27/2023 21:41:53,10/27/2023 21:44:18
Svalbard,10/27/2023 23:19:33,10/27/2023 23:22:01
Svalbard,10/28/2023 00:57:24,10/28/2023 00:59:39
Svalbard,10/28/2023 02:35:32,10/28/2023 02:37:36
Svalbard,10/28/2023 04:13:54,10/28/2023 04:16:11
Fairbanks,10/28/2023 04:23:51,10/28/2023 04:26:18
Troll,10/28/2023 10:06:55,10/28/2023 10:07:11
Punta Arenas,10/28/2023 11:53:41,10/28/2023 11:54:29
Fairbanks,10/28/2023 14:05:07,10/28/2023 14:07:32
Troll,10/28/2023 14:57:34,10/28/2023 14:58:08
Fairbanks,10/28/2023 15:43:43,10/28/2023 15:45:29
Svalbard,10/28/2023 17:32:45,10/28/2023 17:34:59
Svalbard,10/28/2023 19:11:19,10/28/2023 19:13:24
Svalbard,10/28/2023 20:49:18,10/28/2023 20:51:32
Punta Arenas,10/28/2023 21:27:16,10/28/2023 21:27:26
Punta Arenas,10/28/2023 21:27:45,10/28/2023 21:28:56
Svalbard,10/28/2023 22:26:56,10/28/2023 22:29:24
Svalbard,10/29/2023 00:04:38,10/29/2023 00:07:04
Svalbard,10/29/2023 01:42:42,10/29/2023 01:44:43
Svalbard,10/29/2023 03:20:43,10/29/2023 03:23:09
Svalbard,10/29/2023 05:00:30,10/29/2023 05:00:49
Fairbanks,10/29/2023 05:09:22,10/29/2023 05:11:26
Troll,10/29/2023 07:37:03,10/29/2023 07:37:29
Troll,10/29/2023 14:04:56,10/29/2023 14:06:04
Fairbanks,10/29/2023 14:50:31,10/29/2023 14:52:35
Troll,10/29/2023 15:42:53,10/29/2023 15:43:24
Svalbard,10/29/2023 18:18:07,10/29/2023 18:20:37
Svalbard,10/29/2023 19:56:39,10/29/2023 19:58:38
Svalbard,10/29/2023 21:34:19,10/29/2023 21:36:44
Svalbard,10/29/2023 23:11:59,10/29/2023 23:14:27
Svalbard,10/30/2023 00:49:48,10/30/2023 00:52:06
Svalbard,10/30/2023 02:27:57,10/30/2023 02:29:59
Svalbard,10/30/2023 04:06:14,10/30/2023 04:08:36
Fairbanks,10/30/2023 04:16:13,10/30/2023 04:18:43
Fairbanks,10/30/2023 05:54:19,10/30/2023 05:55:09
Troll,10/30/2023 08:21:41,10/30/2023 08:22:32
Troll,10/30/2023 09:59:05,10/30/2023 09:59:59
Punta Arenas,10/30/2023 11:45:39,10/30/2023 11:46:36
Fairbanks,10/30/2023 13:57:32,10/30/2023 14:00:00
Troll,10/30/2023 14:50:08,10/30/2023 14:50:58
Fairbanks,10/30/2023 15:35:54,10/30/2023 15:38:02
Svalbard,10/30/2023 17:25:10,10/30/2023 17:27:17
Svalbard,10/30/2023 19:03:42,10/30/2023 19:05:49
Svalbard,10/30/2023 20:41:45,10/30/2023 20:43:56
Punta Arenas,10/30/2023 21:19:47,10/30/2023 21:20:45
Svalbard,10/30/2023 22:19:22,10/30/2023 22:21:50
Svalbard,10/30/2023 23:57:04,10/30/2023 23:59:31
Svalbard,10/31/2023 01:35:06,10/31/2023 01:37:09
Svalbard,10/31/2023 03:13:07,10/31/2023 03:15:31
Svalbard,10/31/2023 04:52:27,10/31/2023 04:53:34
Fairbanks,10/31/2023 05:01:50,10/31/2023 05:03:47
Troll,10/31/2023 13:57:30,10/31/2023 13:58:40
Fairbanks,10/31/2023 14:42:58,10/31/2023 14:44:57
Troll,10/31/2023 15:35:32,10/31/2023 15:36:24
Svalbard,10/31/2023 18:10:30,10/31/2023 18:13:00
Svalbard,10/31/2023 19:49:04,10/31/2023 19:51:03
Svalbard,10/31/2023 21:26:46,10/31/2023 21:29:10
Punta Arenas,10/31/2023 22:05:10,10/31/2023 22:05:23
Svalbard,10/31/2023 23:04:26,10/31/2023 23:06:54
