station,aos,los,duration,angle
Svalbard,09/23/2023 20:35:04,09/23/2023 20:37:11,126.47,-20
Svalbard,09/23/2023 20:35:04,09/23/2023 20:37:10,125.568,-10
Punta Arenas,09/23/2023 21:14:19,09/23/2023 21:15:15,55.678,20
Svalbard,09/23/2023 22:14:59,09/23/2023 22:15:08,9.315,-20
Svalbard,09/23/2023 23:52:29,09/23/2023 23:52:49,19.657,-20
Svalbard,09/24/2023 01:28:21,09/24/2023 01:30:26,125.342,-10
Svalbard,09/24/2023 01:28:22,09/24/2023 01:30:25,123.136,-20
Svalbard,09/24/2023 03:06:29,09/24/2023 03:08:35,125.581,10
Svalbard,09/24/2023 03:06:40,09/24/2023 03:08:42,122.634,20
Svalbard,09/24/2023 03:06:46,09/24/2023 03:08:18,92.113,0
Svalbard,09/24/2023 04:45:20,09/24/2023 04:47:00,100.642,20
Fairbanks,09/24/2023 04:55:05,09/24/2023 04:57:03,117.768,0
Fairbanks,09/24/2023 04:55:15,09/24/2023 04:56:56,101.044,-10
Fairbanks,09/24/2023 04:55:17,09/24/2023 04:56:06,49.13,10
Fairbanks,09/24/2023 04:55:35,09/24/2023 04:56:36,60.313,-20
Troll,09/24/2023 07:21:38,09/24/2023 07:23:29,110.763,-20
Troll,09/24/2023 08:59:09,09/24/2023 09:01:37,147.858,20
Troll,09/24/2023 08:59:59,09/24/2023 09:00:46,47.734,10
Punta Arenas,09/24/2023 12:23:58,09/24/2023 12:24:45,47.09,20
Troll,09/24/2023 13:50:57,09/24/2023 13:52:24,86.333,20
Fairbanks,09/24/2023 14:36:13,09/24/2023 14:38:10,117.371,-10
Fairbanks,09/24/2023 14:36:22,09/24/2023 14:38:00,98.254,-20
Fairbanks,09/24/2023 14:37:09,09/24/2023 14:38:12,62.783,0
Troll,09/24/2023 15:28:07,09/24/2023 15:29:22,74.973,10
Troll,09/24/2023 15:28:27,09/24/2023 15:29:54,87.162,0
Svalbard,09/24/2023 18:03:42,09/24/2023 18:06:12,149.268,20
Svalbard,09/24/2023 18:04:15,09/24/2023 18:05:40,84.777,10
Svalbard,09/24/2023 19:42:19,09/24/2023 19:44:19,119.297,0
Svalbard,09/24/2023 19:42:25,09/24/2023 19:44:13,107.78,-10
Svalbard,09/24/2023 19:42:42,09/24/2023 19:43:57,75.727,-20
Svalbard,09/24/2023 21:20:04,09/24/2023 21:22:27,142.55,-20
Punta Arenas,09/24/2023 21:59:03,09/24/2023 22:00:16,73.137,-10
Punta Arenas,09/24/2023 21:59:19,09/24/2023 21:59:58,38.802,-20
Svalbard,09/25/2023 00:35:29,09/25/2023 00:37:52,143.009,-20
Svalbard,09/25/2023 02:13:37,09/25/2023 02:15:37,119.684,0
Svalbard,09/25/2023 02:13:42,09/25/2023 02:15:31,108.909,-10
Svalbard,09/25/2023 02:13:58,09/25/2023 02:15:15,77.901,-20
Svalbard,09/25/2023 03:51:43,09/25/2023 03:54:13,149.994,20
Svalbard,09/25/2023 03:52:14,09/25/2023 03:53:42,87.66,10
Fairbanks,09/25/2023 04:01:57,09/25/2023 04:04:10,132.078,20
Troll,09/25/2023 08:06:58,09/25/2023 08:08:35,97.31,0
Troll,09/25/2023 08:07:43,09/25/2023 08:07:49,5.213,-10
Troll,09/25/2023 09:44:29,09/25/2023 09:46:07,97.284,20
Punta Arenas,09/25/2023 11:30:56,09/25/2023 11:32:36,100.62,-10
Punta Arenas,09/25/2023 11:31:19,09/25/2023 11:32:12,52.834,-20
Troll,09/25/2023 14:35:23,09/25/2023 14:37:47,144.291,20
Fairbanks,09/25/2023 15:21:18,09/25/2023 15:23:48,150.246,20
Fairbanks,09/25/2023 15:21:44,09/25/2023 15:23:20,95.851,10
Troll,09/25/2023 16:13:22,09/25/2023 16:13:25,2.877,-10
Troll,09/25/2023 16:13:32,09/25/2023 16:15:13,100.199,-20
Svalbard,09/25/2023 17:10:57,09/25/2023 17:12:34,96.571,20
Svalbard,09/25/2023 18:49:13,09/25/2023 18:51:33,139.42,20
Svalbard,09/25/2023 18:49:21,09/25/2023 18:51:26,124.807,10
Svalbard,09/25/2023 18:49:39,09/25/2023 18:51:09,90.086,0
Svalbard,09/25/2023 20:27:30,09/25/2023 20:29:35,124.813,-10
Svalbard,09/25/2023 20:27:32,09/25/2023 20:29:34,122.07,-20
Punta Arenas,09/25/2023 21:06:12,09/25/2023 21:07:20,67.736,20
Svalbard,09/25/2023 22:07:07,09/25/2023 22:07:35,27.909,-20
Svalbard,09/25/2023 23:44:52,09/25/2023 23:45:16,23.217,-20
Svalbard,09/26/2023 01:20:45,09/26/2023 01:22:52,127.281,-20
Svalbard,09/26/2023 01:20:46,09/26/2023 01:22:52,125.803,-10
Svalbard,09/26/2023 02:58:53,09/26/2023 03:00:59,126.434,10
Svalbard,09/26/2023 02:59:06,09/26/2023 03:00:46,100.006,0
Svalbard,09/26/2023 02:59:20,09/26/2023 03:01:03,103.759,20
Svalbard,09/26/2023 02:59:35,09/26/2023 03:00:15,40.05,-10
Svalbard,09/26/2023 04:37:34,09/26/2023 04:39:28,114.348,20
Fairbanks,09/26/2023 04:47:26,09/26/2023 04:49:30,123.99,10
Fairbanks,09/26/2023 04:47:33,09/26/2023 04:49:25,111.654,0
Fairbanks,09/26/2023 04:47:50,09/26/2023 04:49:09,79.858,-10
Troll,09/26/2023 07:15:58,09/26/2023 07:15:59,1.234,-20
Troll,09/26/2023 08:51:35,09/26/2023 08:54:06,151.311,20
Troll,09/26/2023 08:52:13,09/26/2023 08:53:27,73.844,10
Punta Arenas,09/26/2023 12:15:56,09/26/2023 12:17:45,108.493,20
Troll,09/26/2023 13:43:35,09/26/2023 13:44:44,69.347,20
Fairbanks,09/26/2023 14:28:35,09/26/2023 14:30:39,123.831,-10
Fairbanks,09/26/2023 14:28:37,09/26/2023 14:30:35,117.318,-20
Troll,09/26/2023 15:20:35,09/26/2023 15:22:21,105.944,10
Troll,09/26/2023 15:21:02,09/26/2023 15:22:12,70.235,0
Svalbard,09/26/2023 17:56:06,09/26/2023 17:58:33,147.097,20
Svalbard,09/26/2023 17:56:46,09/26/2023 17:57:54,67.474,10
Svalbard,09/26/2023 19:34:44,09/26/2023 19:36:43,118.356,0
Svalbard,09/26/2023 19:34:53,09/26/2023 19:36:35,101.924,-10
Svalbard,09/26/2023 19:35:08,09/26/2023 19:36:24,76.721,10
Svalbard,09/26/2023 19:35:13,09/26/2023 19:36:15,61.711,-20
Svalbard,09/26/2023 21:12:31,09/26/2023 21:14:52,140.802,-20
Punta Arenas,09/26/2023 21:50:51,09/26/2023 21:52:16,85.274,0
Punta Arenas,09/26/2023 21:51:10,09/26/2023 21:52:26,75.694,-10
Svalbard,09/26/2023 22:52:31,09/26/2023 22:52:39,7.906,-20
Svalbard,09/27/2023 00:27:54,09/27/2023 00:30:19,144.222,-20
Svalbard,09/27/2023 02:06:02,09/27/2023 02:08:01,119.567,0
Svalbard,09/27/2023 02:06:05,09/27/2023 02:07:58,113.385,-10
Svalbard,09/27/2023 02:06:17,09/27/2023 02:07:45,88.571,-20
Svalbard,09/27/2023 03:44:06,09/27/2023 03:46:36,150.499,20
Svalbard,09/27/2023 03:44:31,09/27/2023 03:46:10,99.129,10
Fairbanks,09/27/2023 03:54:30,09/27/2023 03:56:21,111.603,20
Fairbanks,09/27/2023 05:32:28,09/27/2023 05:34:54,145.402,-20
Troll,09/27/2023 07:59:18,09/27/2023 08:01:06,107.699,0
Troll,09/27/2023 07:59:43,09/27/2023 08:00:41,58.559,-10
Troll,09/27/2023 09:36:52,09/27/2023 09:38:41,109.897,20
Punta Arenas,09/27/2023 11:23:20,09/27/2023 11:25:01,100.507,-20
Troll,09/27/2023 14:27:53,09/27/2023 14:30:12,138.979,20
Fairbanks,09/27/2023 15:13:42,09/27/2023 15:16:10,148.708,20
Fairbanks,09/27/2023 15:13:58,09/27/2023 15:15:52,113.59,10
Fairbanks,09/27/2023 15:14:35,09/27/2023 15:15:13,38.365,0
Troll,09/27/2023 16:05:51,09/27/2023 16:06:35,44.933,-10
Troll,09/27/2023 16:06:06,09/27/2023 16:07:28,81.829,-20
Svalbard,09/27/2023 17:03:28,09/27/2023 17:04:44,75.77,20
Svalbard,09/27/2023 18:41:35,09/27/2023 18:43:58,143.127,20
Svalbard,09/27/2023 18:41:46,09/27/2023 18:43:48,122.439,10
Svalbard,09/27/2023 18:42:08,09/27/2023 18:43:27,79.05,0
Svalbard,09/27/2023 20:19:56,09/27/2023 20:22:00,123.588,-10
Svalbard,09/27/2023 20:20:00,09/27/2023 20:21:57,117.038,-20
Svalbard,09/27/2023 21:57:34,09/27/2023 21:58:01,26.935,-20
Svalbard,09/27/2023 21:59:05,09/27/2023 22:00:01,55.513,-20
Svalbard,09/27/2023 23:37:14,09/27/2023 23:37:42,28.005,-20
Svalbard,09/28/2023 01:13:09,09/28/2023 01:15:20,130.862,-20
Svalbard,09/28/2023 01:13:55,09/28/2023 01:15:17,82.165,-10
Svalbard,09/28/2023 02:51:16,09/28/2023 02:53:23,126.33,10
Svalbard,09/28/2023 02:51:26,09/28/2023 02:53:12,106.112,0
Svalbard,09/28/2023 02:51:48,09/28/2023 02:52:50,61.368,-10
Svalbard,09/28/2023 02:52:04,09/28/2023 02:53:24,80.785,20
Svalbard,09/28/2023 04:29:50,09/28/2023 04:31:55,124.878,20
Fairbanks,09/28/2023 04:39:45,09/28/2023 04:41:45,120.301,20
Fairbanks,09/28/2023 04:39:50,09/28/2023 04:41:55,125.313,10
Fairbanks,09/28/2023 04:40:03,09/28/2023 04:41:43,99.167,0
Fairbanks,09/28/2023 04:40:34,09/28/2023 04:41:14,39.914,-10
Troll,09/28/2023 08:44:32,09/28/2023 08:46:03,91.222,10
Troll,09/28/2023 08:44:55,09/28/2023 08:45:47,51.631,20
Punta Arenas,09/28/2023 12:08:11,09/28/2023 12:10:27,136.044,20
Troll,09/28/2023 13:36:15,09/28/2023 13:37:01,46.093,20
Fairbanks,09/28/2023 14:20:56,09/28/2023 14:23:07,131.067,-20
Fairbanks,09/28/2023 14:22:12,09/28/2023 14:23:05,53.277,-10
Troll,09/28/2023 15:13:04,09/28/2023 15:15:01,116.854,10
Troll,09/28/2023 15:13:42,09/28/2023 15:14:25,42.611,0
Svalbard,09/28/2023 17:48:30,09/28/2023 17:50:53,143.626,20
Svalbard,09/28/2023 17:49:22,09/28/2023 17:50:02,39.227,10
Svalbard,09/28/2023 19:27:07,09/28/2023 19:29:08,121.065,10
Svalbard,09/28/2023 19:27:10,09/28/2023 19:29:06,116.61,0
Svalbard,09/28/2023 19:27:21,09/28/2023 19:28:55,94.793,-10
Svalbard,09/28/2023 19:27:47,09/28/2023 19:28:29,41.944,-20
Svalbard,09/28/2023 21:04:58,09/28/2023 21:07:17,138.747,-20
Punta Arenas,09/28/2023 21:43:09,09/28/2023 21:44:20,70.896,10
Punta Arenas,09/28/2023 21:43:28,09/28/2023 21:44:58,89.72,0
Svalbard,09/28/2023 22:44:46,09/28/2023 22:45:05,19.687,-20
Svalbard,09/29/2023 00:20:20,09/29/2023 00:22:45,145.189,-20
Svalbard,09/29/2023 01:58:28,09/29/2023 02:00:25,116.983,-10
Svalbard,09/29/2023 01:58:29,09/29/2023 02:00:26,116.68,0
Svalbard,09/29/2023 01:58:37,09/29/2023 02:00:15,97.444,-20
Svalbard,09/29/2023 03:36:29,09/29/2023 03:38:59,149.983,20
Svalbard,09/29/2023 03:36:49,09/29/2023 03:38:37,107.761,10
Fairbanks,09/29/2023 03:47:10,09/29/2023 03:48:25,75.049,20
Fairbanks,09/29/2023 05:24:58,09/29/2023 05:27:17,139.184,-20
Troll,09/29/2023 07:51:57,09/29/2023 07:53:18,80.925,-10
Troll,09/29/2023 09:29:15,09/29/2023 09:31:15,120.547,20
Punta Arenas,09/29/2023 11:17:34,09/29/2023 11:17:39,5.512,-20
Troll,09/29/2023 14:20:24,09/29/2023 14:22:37,132.377,20
Fairbanks,09/29/2023 15:06:17,09/29/2023 15:08:20,122.872,10
Fairbanks,09/29/2023 15:06:17,09/29/2023 15:08:31,133.767,20
Fairbanks,09/29/2023 15:06:37,09/29/2023 15:07:58,80.799,0
Troll,09/29/2023 15:58:21,09/29/2023 16:00:03,102.27,-10
Troll,09/29/2023 15:58:44,09/29/2023 15:59:40,56.436,-20
Svalbard,09/29/2023 16:56:06,09/29/2023 16:56:48,41.375,20
Svalbard,09/29/2023 18:33:57,09/29/2023 18:36:23,146.057,20
Svalbard,09/29/2023 18:34:11,09/29/2023 18:36:09,118.813,10
Svalbard,09/29/2023 18:34:38,09/29/2023 18:35:42,64.039,0
Svalbard,09/29/2023 20:12:22,09/29/2023 20:14:24,121.833,-10
Svalbard,09/29/2023 20:12:28,09/29/2023 20:14:19,111.266,-20
Svalbard,09/29/2023 21:50:00,09/29/2023 21:52:27,146.512,-20
Svalbard,09/29/2023 23:29:35,09/29/2023 23:30:09,34.296,-20
Svalbard,09/30/2023 01:05:33,09/30/2023 01:07:47,133.931,-20
Svalbard,09/30/2023 01:06:45,09/30/2023 01:07:43,58.096,-10
Svalbard,09/30/2023 02:43:41,09/30/2023 02:45:46,125.357,10
Svalbard,09/30/2023 02:43:48,09/30/2023 02:45:39,110.779,0
Svalbard,09/30/2023 02:44:05,09/30/2023 02:45:21,75.602,-10
Svalbard,09/30/2023 04:22:08,09/30/2023 04:24:21,133.012,20
Fairbanks,09/30/2023 04:32:04,09/30/2023 04:34:26,142.735,20
Fairbanks,09/30/2023 04:32:15,09/30/2023 04:34:17,121.358,10
Fairbanks,09/30/2023 04:32:38,09/30/2023 04:33:55,77.009,0
Troll,09/30/2023 08:36:52,09/30/2023 08:38:37,104.143,10
Punta Arenas,09/30/2023 12:01:02,09/30/2023 12:03:02,119.167,20
Punta Arenas,09/30/2023 12:01:12,09/30/2023 12:02:18,66.518,10
Fairbanks,09/30/2023 14:13:17,09/30/2023 14:15:38,140.601,-20
Troll,09/30/2023 15:05:35,09/30/2023 15:07:24,108.494,10
Fairbanks,09/30/2023 15:52:06,09/30/2023 15:53:28,82.495,20
Svalbard,09/30/2023 17:40:54,09/30/2023 17:43:13,138.68,20
Svalbard,09/30/2023 19:19:30,09/30/2023 19:21:33,123.382,10
Svalbard,09/30/2023 19:19:35,09/30/2023 19:21:29,113.958,0
Svalbard,09/30/2023 19:19:49,09/30/2023 19:21:15,86.019,-10
Svalbard,09/30/2023 20:57:25,09/30/2023 20:59:42,136.341,-20
Svalbard,09/30/2023 20:59:13,09/30/2023 20:59:36,22.52,-10
Punta Arenas,09/30/2023 21:35:22,09/30/2023 21:35:56,33.925,20
Punta Arenas,09/30/2023 21:35:42,09/30/2023 21:37:36,114.275,10
Punta Arenas,09/30/2023 21:36:23,09/30/2023 21:36:57,34.639,0
Svalbard,09/30/2023 22:36:58,09/30/2023 22:37:32,34.397,-20
Svalbard,10/01/2023 00:12:46,10/01/2023 00:15:12,145.942,-20
Svalbard,10/01/2023 01:50:51,10/01/2023 01:52:51,119.815,-10
Svalbard,10/01/2023 01:50:58,10/01/2023 01:52:43,104.975,-20
Svalbard,10/01/2023 01:51:19,10/01/2023 01:52:50,91.551,0
Svalbard,10/01/2023 03:28:52,10/01/2023 03:31:21,148.529,20
Svalbard,10/01/2023 03:29:09,10/01/2023 03:31:03,114.264,10
Svalbard,10/01/2023 03:29:45,10/01/2023 03:30:27,41.949,0
Fairbanks,10/01/2023 05:17:29,10/01/2023 05:19:38,129.159,-20
Fairbanks,10/01/2023 05:17:30,10/01/2023 05:19:35,124.818,-10
Troll,10/01/2023 07:44:15,10/01/2023 07:45:51,96.731,-10
Troll,10/01/2023 07:44:43,10/01/2023 07:45:22,38.7,-20
Troll,10/01/2023 09:21:38,10/01/2023 09:23:48,129.563,20
Troll,10/01/2023 14:12:56,10/01/2023 14:15:01,124.441,20
Fairbanks,10/01/2023 14:58:40,10/01/2023 15:00:46,125.992,10
Fairbanks,10/01/2023 14:58:51,10/01/2023 15:00:32,101.356,0
Fairbanks,10/01/2023 14:59:17,10/01/2023 15:00:50,92.683,20
Fairbanks,10/01/2023 14:59:18,10/01/2023 15:00:05,46.63,-10
Troll,10/01/2023 15:50:53,10/01/2023 15:52:22,88.646,-10
Svalbard,10/01/2023 18:26:18,10/01/2023 18:28:47,148.155,20
Svalbard,10/01/2023 18:26:36,10/01/2023 18:28:30,113.725,10
Svalbard,10/01/2023 18:27:13,10/01/2023 18:27:54,40.734,0
Svalbard,10/01/2023 20:04:48,10/01/2023 20:06:48,119.483,-10
Svalbard,10/01/2023 20:04:49,10/01/2023 20:06:46,117.145,0
Svalbard,10/01/2023 20:04:56,10/01/2023 20:06:41,104.624,-20
Svalbard,10/01/2023 21:42:27,10/01/2023 21:44:53,145.719,-20
Svalbard,10/01/2023 23:21:53,10/01/2023 23:22:35,42.534,-20
Svalbard,10/02/2023 00:57:57,10/02/2023 01:00:14,136.546,-20
Svalbard,10/02/2023 00:59:26,10/02/2023 01:00:08,42.214,-10
Svalbard,10/02/2023 02:36:06,10/02/2023 02:38:09,123.589,10
Svalbard,10/02/2023 02:36:10,10/02/2023 02:38:04,114.248,0
Svalbard,10/02/2023 02:36:24,10/02/2023 02:37:50,86.382,-10
Svalbard,10/02/2023 04:14:26,10/02/2023 04:16:45,139.214,20
Fairbanks,10/02/2023 04:24:24,10/02/2023 04:26:52,147.991,20
Fairbanks,10/02/2023 04:24:44,10/02/2023 04:26:35,110.989,10
Fairbanks,10/02/2023 04:25:27,10/02/2023 04:25:54,26.795,0
Troll,10/02/2023 08:29:15,10/02/2023 08:31:08,113.948,10
Troll,10/02/2023 08:30:02,10/02/2023 08:30:20,18.172,0
Troll,10/02/2023 10:07:18,10/02/2023 10:07:51,32.95,20
Punta Arenas,10/02/2023 11:53:20,10/02/2023 11:55:06,106.055,10
Fairbanks,10/02/2023 14:06:53,10/02/2023 14:08:07,74.459,-20
Troll,10/02/2023 14:58:08,10/02/2023 14:59:45,97.416,10
Fairbanks,10/02/2023 15:44:11,10/02/2023 15:46:07,115.338,20
Svalbard,10/02/2023 17:33:19,10/02/2023 17:35:31,132.034,20
Svalbard,10/02/2023 19:11:53,10/02/2023 19:13:58,124.952,10
Svalbard,10/02/2023 19:12:01,10/02/2023 19:13:51,110.268,0
Svalbard,10/02/2023 19:12:19,10/02/2023 19:13:34,74.982,-10
Svalbard,10/02/2023 19:12:23,10/02/2023 19:13:29,66.717,20
Svalbard,10/02/2023 20:49:52,10/02/2023 20:52:06,133.541,-20
Svalbard,10/02/2023 20:49:56,10/02/2023 20:52:01,125.115,-10
Punta Arenas,10/02/2023 21:27:49,10/02/2023 21:29:34,104.71,20
Punta Arenas,10/02/2023 21:28:23,10/02/2023 21:29:49,86.437,10
Svalbard,10/02/2023 22:27:30,10/02/2023 22:27:45,14.889,-20
Svalbard,10/02/2023 22:29:03,10/02/2023 22:29:58,55.216,-20
Svalbard,10/03/2023 00:05:12,10/03/2023 00:07:39,146.516,-20
Svalbard,10/03/2023 01:43:15,10/03/2023 01:45:17,121.975,-10
Svalbard,10/03/2023 01:43:20,10/03/2023 01:45:12,111.453,-20
Svalbard,10/03/2023 01:44:09,10/03/2023 01:45:14,65.442,0
Svalbard,10/03/2023 03:21:17,10/03/2023 03:23:43,146.206,20
Svalbard,10/03/2023 03:21:30,10/03/2023 03:23:29,119.065,10
Svalbard,10/03/2023 03:21:57,10/03/2023 03:23:01,64.487,0
Svalbard,10/03/2023 05:00:51,10/03/2023 05:01:34,43.02,20
Fairbanks,10/03/2023 05:09:57,10/03/2023 05:11:59,122.416,-10
Fairbanks,10/03/2023 05:10:01,10/03/2023 05:10:44,43.531,0
Fairbanks,10/03/2023 05:10:01,10/03/2023 05:11:56,114.887,-20
Troll,10/03/2023 07:36:52,10/03/2023 07:38:04,71.515,-20
Troll,10/03/2023 09:14:03,10/03/2023 09:16:20,137.101,20
Troll,10/03/2023 14:05:29,10/03/2023 14:07:25,115.062,20
Fairbanks,10/03/2023 14:51:10,10/03/2023 14:53:03,112.892,0
Fairbanks,10/03/2023 14:51:10,10/03/2023 14:53:09,118.85,10
Fairbanks,10/03/2023 14:51:56,10/03/2023 14:52:47,50.548,-10
Troll,10/03/2023 15:43:07,10/03/2023 15:43:56,48.966,0
Troll,10/03/2023 15:43:28,10/03/2023 15:44:38,70.143,-10
Svalbard,10/03/2023 18:18:41,10/03/2023 18:21:10,149.359,20
Svalbard,10/03/2023 18:19:02,10/03/2023 18:20:49,106.883,10
Svalbard,10/03/2023 19:57:14,10/03/2023 19:59:12,118.332,0
Svalbard,10/03/2023 19:57:15,10/03/2023 19:59:11,116.466,-10
Svalbard,10/03/2023 19:57:25,10/03/2023 19:59:02,96.934,-20
Svalbard,10/03/2023 21:34:54,10/03/2023 21:37:19,144.759,-20
Punta Arenas,10/03/2023 22:13:10,10/03/2023 22:13:22,12.581,-20
Svalbard,10/03/2023 23:14:08,10/03/2023 23:15:02,53.654,-20
Svalbard,10/04/2023 00:50:22,10/04/2023 00:52:41,138.761,-20
Svalbard,10/04/2023 00:52:04,10/04/2023 00:52:34,30.22,-10
Svalbard,10/04/2023 02:28:33,10/04/2023 02:30:32,119.701,10
Svalbard,10/04/2023 02:28:33,10/04/2023 02:30:30,116.693,0
Svalbard,10/04/2023 02:28:54,10/04/2023 02:30:19,84.75,-10
Svalbard,10/04/2023 02:29:10,10/04/2023 02:29:52,42.301,-20
Svalbard,10/04/2023 04:07:11,10/04/2023 04:09:10,119.119,20
Svalbard,10/04/2023 04:07:37,10/04/2023 04:08:17,39.873,10
Fairbanks,10/04/2023 04:16:47,10/04/2023 04:19:16,148.679,20
Fairbanks,10/04/2023 04:17:17,10/04/2023 04:18:48,91.537,10
Troll,10/04/2023 08:22:08,10/04/2023 08:23:08,60.411,0
Troll,10/04/2023 08:22:22,10/04/2023 08:23:18,56.289,10
Troll,10/04/2023 09:59:33,10/04/2023 10:00:35,62.491,20
Punta Arenas,10/04/2023 11:46:02,10/04/2023 11:47:16,74.547,0
Punta Arenas,10/04/2023 11:46:56,10/04/2023 11:47:42,46.068,10
Fairbanks,10/04/2023 14:00:00,10/04/2023 14:00:35,34.618,-20
Troll,10/04/2023 14:50:07,10/04/2023 14:51:29,82.428,20
Troll,10/04/2023 14:50:42,10/04/2023 14:52:05,82.739,10
Fairbanks,10/04/2023 15:37:27,10/04/2023 15:38:38,71.613,20
Troll,10/04/2023 16:28:13,10/04/2023 16:28:14,0.791,-20
Svalbard,10/04/2023 17:25:45,10/04/2023 17:27:48,123.365,20
Svalbard,10/04/2023 19:04:15,10/04/2023 19:06:23,128.481,20
Svalbard,10/04/2023 19:04:17,10/04/2023 19:06:22,125.715,10
Svalbard,10/04/2023 19:04:27,10/04/2023 19:06:13,105.373,0
Svalbard,10/04/2023 19:04:50,10/04/2023 19:05:50,60.419,-10
Svalbard,10/04/2023 20:42:20,10/04/2023 20:44:30,130.308,-20
Svalbard,10/04/2023 20:42:22,10/04/2023 20:44:27,125.271,-10
Punta Arenas,10/04/2023 21:20:21,10/04/2023 21:22:37,135.225,20
Svalbard,10/04/2023 22:19:57,10/04/2023 22:22:25,147.787,-20
Svalbard,10/04/2023 23:57:38,10/05/2023 00:00:05,146.945,-20
Svalbard,10/05/2023 01:35:47,10/05/2023 01:37:43,116.424,-10
Svalbard,10/05/2023 01:35:58,10/05/2023 01:37:40,101.278,-20
Svalbard,10/05/2023 01:37:01,10/05/2023 01:37:38,36.789,0
Svalbard,10/05/2023 03:13:53,10/05/2023 03:16:04,131.286,20
Svalbard,10/05/2023 03:14:13,10/05/2023 03:15:54,100.698,10
Svalbard,10/05/2023 03:14:20,10/05/2023 03:15:32,72.116,0
Svalbard,10/05/2023 04:52:55,10/05/2023 04:54:11,75.87,20
Fairbanks,10/05/2023 05:02:23,10/05/2023 05:04:21,117.941,0
Fairbanks,10/05/2023 05:02:26,10/05/2023 05:04:21,115.378,-10
Fairbanks,10/05/2023 05:02:36,10/05/2023 05:04:11,95.138,-20
Troll,10/05/2023 07:29:07,10/05/2023 07:30:39,92.644,-20
Troll,10/05/2023 09:06:28,10/05/2023 09:08:51,143.249,20
Troll,10/05/2023 13:58:04,10/05/2023 13:59:48,104.019,20
Fairbanks,10/05/2023 14:44:16,10/05/2023 14:45:30,73.8,0
Fairbanks,10/05/2023 14:44:18,10/05/2023 14:45:30,72.154,10
Fairbanks,10/05/2023 14:44:19,10/05/2023 14:45:02,42.416,-20
Fairbanks,10/05/2023 14:44:20,10/05/2023 14:45:21,61.033,-10
Troll,10/05/2023 15:35:37,10/05/2023 15:37:04,87.451,0
Troll,10/05/2023 15:36:08,10/05/2023 15:36:49,40.925,-10
Svalbard,10/05/2023 18:11:03,10/05/2023 18:13:33,149.596,20
Svalbard,10/05/2023 18:11:30,10/05/2023 18:13:08,97.853,10
Svalbard,10/05/2023 19:49:38,10/05/2023 19:51:37,118.921,0
Svalbard,10/05/2023 19:49:41,10/05/2023 19:51:34,112.7,-10
Svalbard,10/05/2023 19:49:54,10/05/2023 19:51:22,87.931,-20
Svalbard,10/05/2023 21:27:21,10/05/2023 21:29:44,143.603,-20
Punta Arenas,10/05/2023 22:05:45,10/05/2023 22:06:45,59.721,-20
Svalbard,10/05/2023 23:05:00,10/05/2023 23:05:19,19.152,-20
Svalbard,10/05/2023 23:06:18,10/05/2023 23:07:28,70.859,-20
Svalbard,10/06/2023 00:43:03,10/06/2023 00:45:08,124.972,-20
Svalbard,10/06/2023 00:44:38,10/06/2023 00:44:59,20.667,-10
Svalbard,10/06/2023 02:21:13,10/06/2023 02:22:55,101.847,10
Svalbard,10/06/2023 02:21:15,10/06/2023 02:22:55,100.062,0
Svalbard,10/06/2023 02:21:16,10/06/2023 02:22:47,90.378,-10
Svalbard,10/06/2023 02:21:24,10/06/2023 02:22:26,61.851,-20
Svalbard,10/06/2023 03:59:30,10/06/2023 04:01:33,123.639,20
Svalbard,10/06/2023 03:59:46,10/06/2023 04:00:53,67.399,10
Fairbanks,10/06/2023 04:09:12,10/06/2023 04:11:36,144.221,20
Fairbanks,10/06/2023 04:09:59,10/06/2023 04:10:52,53.341,10
Troll,10/06/2023 08:14:24,10/06/2023 08:15:45,81.384,0
Troll,10/06/2023 09:51:52,10/06/2023 09:53:14,81.759,20
Punta Arenas,10/06/2023 11:38:38,10/06/2023 11:39:31,53.249,-10
Punta Arenas,10/06/2023 11:38:59,10/06/2023 11:39:58,59.561,0
Fairbanks,10/06/2023 13:52:56,10/06/2023 13:53:01,5.132,-20
Troll,10/06/2023 14:42:36,10/06/2023 14:44:16,99.854,20
Troll,10/06/2023 14:43:20,10/06/2023 14:44:22,62.254,10
Fairbanks,10/06/2023 15:29:27,10/06/2023 15:30:19,52.107,10
Fairbanks,10/06/2023 15:29:29,10/06/2023 15:31:06,97.002,20
Troll,10/06/2023 16:20:44,10/06/2023 16:21:07,23.306,-20
Svalbard,10/06/2023 17:18:12,10/06/2023 17:20:04,112.177,20
Svalbard,10/06/2023 18:56:36,10/06/2023 18:58:50,133.774,20
Svalbard,10/06/2023 18:56:40,10/06/2023 18:58:46,125.601,10
Svalbard,10/06/2023 18:56:54,10/06/2023 18:58:33,99.036,0
Svalbard,10/06/2023 18:57:25,10/06/2023 18:58:03,38.442,-10
Svalbard,10/06/2023 20:34:47,10/06/2023 20:36:54,126.593,-20
Svalbard,10/06/2023 20:34:48,10/06/2023 20:36:53,125.063,-10
Punta Arenas,10/06/2023 21:13:00,10/06/2023 21:15:01,121.543,20
Svalbard,10/06/2023 22:12:24,10/06/2023 22:14:51,147.495,-20
Svalbard,10/06/2023 23:50:14,10/06/2023 23:52:32,137.303,-20
Svalbard,10/07/2023 01:28:13,10/07/2023 01:30:07,114.38,-20
Svalbard,10/07/2023 01:28:19,10/07/2023 01:30:09,109.784,-10
Svalbard,10/07/2023 01:29:59,10/07/2023 01:30:02,2.837,0
Svalbard,10/07/2023 03:06:26,10/07/2023 03:08:18,112.606,10
Svalbard,10/07/2023 03:06:27,10/07/2023 03:08:26,118.821,20
Svalbard,10/07/2023 03:06:30,10/07/2023 03:08:00,89.969,0
Svalbard,10/07/2023 04:45:06,10/07/2023 04:46:42,96.091,20
Fairbanks,10/07/2023 04:54:48,10/07/2023 04:56:46,117.828,0
Fairbanks,10/07/2023 04:54:48,10/07/2023 04:56:39,110.172,10
Fairbanks,10/07/2023 04:54:57,10/07/2023 04:56:40,103.032,-10
Fairbanks,10/07/2023 04:55:16,10/07/2023 04:56:21,65.849,-20
Troll,10/07/2023 07:23:05,10/07/2023 07:23:12,7.474,-20
Troll,10/07/2023 08:59:23,10/07/2023 09:00:59,96.174,20
Troll,10/07/2023 08:59:44,10/07/2023 09:00:29,44.259,10
Punta Arenas,10/07/2023 12:23:52,10/07/2023 12:24:19,27.237,20
Troll,10/07/2023 13:50:39,10/07/2023 13:52:10,90.92,20
Fairbanks,10/07/2023 14:36:14,10/07/2023 14:37:41,87.457,-20
Fairbanks,10/07/2023 14:36:30,10/07/2023 14:37:53,82.234,-10
Fairbanks,10/07/2023 14:36:37,10/07/2023 14:37:55,78.003,0
Troll,10/07/2023 15:28:09,10/07/2023 15:29:40,90.658,0
Svalbard,10/07/2023 18:03:26,10/07/2023 18:05:55,148.786,20
Svalbard,10/07/2023 18:03:58,10/07/2023 18:05:24,85.877,10
Svalbard,10/07/2023 19:42:03,10/07/2023 19:44:02,118.859,0
Svalbard,10/07/2023 19:42:05,10/07/2023 19:43:58,113.29,10
Svalbard,10/07/2023 19:42:08,10/07/2023 19:43:56,108.072,-10
Svalbard,10/07/2023 19:42:24,10/07/2023 19:43:41,77.155,-20
Svalbard,10/07/2023 21:19:47,10/07/2023 21:22:10,142.226,-20
Punta Arenas,10/07/2023 21:58:11,10/07/2023 21:59:00,48.713,-10
Punta Arenas,10/07/2023 21:58:28,10/07/2023 21:59:46,77.896,-20
Svalbard,10/07/2023 22:57:27,10/07/2023 22:59:55,148.054,-20
Svalbard,10/08/2023 00:35:16,10/08/2023 00:37:35,138.987,-20
Svalbard,10/08/2023 00:37:11,10/08/2023 00:37:24,12.922,-10
Svalbard,10/08/2023 02:13:25,10/08/2023 02:15:20,114.931,0
Svalbard,10/08/2023 02:13:26,10/08/2023 02:15:14,107.588,-10
Svalbard,10/08/2023 02:13:42,10/08/2023 02:14:58,75.736,-20
Svalbard,10/08/2023 02:13:56,10/08/2023 02:15:18,82.047,10
Svalbard,10/08/2023 03:51:28,10/08/2023 03:53:57,148.889,20
Svalbard,10/08/2023 03:51:59,10/08/2023 03:53:24,84.385,10
Fairbanks,10/08/2023 04:01:40,10/08/2023 04:03:54,133.581,20
Fairbanks,10/08/2023 05:39:43,10/08/2023 05:40:46,62.103,-20
Troll,10/08/2023 08:06:43,10/08/2023 08:08:19,96.007,0
Troll,10/08/2023 09:44:13,10/08/2023 09:45:50,96.872,20
Punta Arenas,10/08/2023 11:31:10,10/08/2023 11:31:50,40.469,-20
Punta Arenas,10/08/2023 11:31:17,10/08/2023 11:32:19,61.884,-10
Troll,10/08/2023 14:35:05,10/08/2023 14:36:57,111.266,20
Troll,10/08/2023 14:36:07,10/08/2023 14:36:31,24.885,10
Fairbanks,10/08/2023 15:21:04,10/08/2023 15:23:31,147.193,20
Fairbanks,10/08/2023 15:21:30,10/08/2023 15:23:01,90.973,10
Troll,10/08/2023 16:13:15,10/08/2023 16:14:10,54.68,-20
Svalbard,10/08/2023 17:10:40,10/08/2023 17:12:18,97.58,20
Svalbard,10/08/2023 18:48:57,10/08/2023 18:51:15,138.362,20
Svalbard,10/08/2023 18:49:04,10/08/2023 18:51:09,124.524,10
Svalbard,10/08/2023 18:49:22,10/08/2023 18:50:53,90.888,0
Svalbard,10/08/2023 20:27:13,10/08/2023 20:29:18,124.444,-10
Svalbard,10/08/2023 20:27:15,10/08/2023 20:29:17,122.338,-20
Punta Arenas,10/08/2023 21:05:49,10/08/2023 21:07:10,80.76,20
Svalbard,10/08/2023 22:04:50,10/08/2023 22:07:17,147.139,-20
Svalbard,10/08/2023 23:42:31,10/08/2023 23:44:58,147.476,-20
Svalbard,10/09/2023 01:20:29,10/09/2023 01:22:35,126.199,-20
Svalbard,10/09/2023 01:20:30,10/09/2023 01:22:35,125.132,-10
Svalbard,10/09/2023 02:58:32,10/09/2023 03:00:47,134.547,20
Svalbard,10/09/2023 02:58:36,10/09/2023 03:00:42,125.679,10
Svalbard,10/09/2023 02:58:50,10/09/2023 03:00:28,98.256,0
Svalbard,10/09/2023 02:59:21,10/09/2023 02:59:56,34.601,-10
Svalbard,10/09/2023 04:37:20,10/09/2023 04:39:10,110.83,20
Fairbanks,10/09/2023 04:47:09,10/09/2023 04:49:13,123.09,10
Fairbanks,10/09/2023 04:47:12,10/09/2023 04:48:31,78.927,20
Fairbanks,10/09/2023 04:47:16,10/09/2023 04:49:08,112.579,0
Fairbanks,10/09/2023 04:47:31,10/09/2023 04:48:54,83.324,-10
Troll,10/09/2023 08:51:58,10/09/2023 08:53:10,71.768,10
Punta Arenas,10/09/2023 12:15:43,10/09/2023 12:17:26,103.133,20
Troll,10/09/2023 13:43:16,10/09/2023 13:44:31,74.952,20
Fairbanks,10/09/2023 14:28:19,10/09/2023 14:30:21,122.498,-10
Fairbanks,10/09/2023 14:28:22,10/09/2023 14:30:17,114.367,-20
Fairbanks,10/09/2023 14:29:22,10/09/2023 14:30:18,55.321,0
Troll,10/09/2023 15:20:18,10/09/2023 15:20:35,17.018,10
Troll,10/09/2023 15:20:44,10/09/2023 15:21:58,74.198,0
Svalbard,10/09/2023 17:55:49,10/09/2023 17:58:16,146.831,20
Svalbard,10/09/2023 17:56:29,10/09/2023 17:57:38,69.366,10
Svalbard,10/09/2023 19:34:28,10/09/2023 19:36:26,118.087,0
Svalbard,10/09/2023 19:34:28,10/09/2023 19:36:25,117.125,10
Svalbard,10/09/2023 19:34:36,10/09/2023 19:36:18,102.434,-10
Svalbard,10/09/2023 19:34:55,10/09/2023 19:35:59,63.694,-20
Svalbard,10/09/2023 21:12:14,10/09/2023 21:14:35,140.591,-20
Svalbard,10/09/2023 21:13:39,10/09/2023 21:14:25,46.1,-10
Punta Arenas,10/09/2023 21:50:33,10/09/2023 21:51:14,40.508,0
Punta Arenas,10/09/2023 21:50:51,10/09/2023 21:52:13,82.387,-10
Svalbard,10/09/2023 22:49:54,10/09/2023 22:52:22,147.972,-20
Svalbard,10/10/2023 00:27:38,10/10/2023 00:30:01,143.468,-20
Svalbard,10/10/2023 00:29:43,10/10/2023 00:29:50,6.677,-10
Svalbard,10/10/2023 02:05:45,10/10/2023 02:07:44,119.023,0
Svalbard,10/10/2023 02:05:49,10/10/2023 02:07:41,112.236,-10
Svalbard,10/10/2023 02:06:01,10/10/2023 02:07:28,86.738,-20
Svalbard,10/10/2023 02:06:42,10/10/2023 02:07:40,57.668,10
Svalbard,10/10/2023 03:43:50,10/10/2023 03:46:19,149.669,20
Svalbard,10/10/2023 03:44:16,10/10/2023 03:45:52,96.61,10
Fairbanks,10/10/2023 03:54:12,10/10/2023 03:56:06,114.62,20
Fairbanks,10/10/2023 05:32:11,10/10/2023 05:34:37,145.676,-20
Troll,10/10/2023 07:59:29,10/10/2023 08:00:24,54.681,-10
Troll,10/10/2023 09:36:36,10/10/2023 09:38:25,109.389,20
Punta Arenas,10/10/2023 11:23:40,10/10/2023 11:24:43,62.685,-20
Troll,10/10/2023 14:27:36,10/10/2023 14:29:35,119.29,20
Fairbanks,10/10/2023 15:13:26,10/10/2023 15:15:54,148.4,20
Fairbanks,10/10/2023 15:13:43,10/10/2023 15:15:34,110.637,10
Fairbanks,10/10/2023 15:14:27,10/10/2023 15:14:49,22.029,0
Troll,10/10/2023 16:05:49,10/10/2023 16:07:14,85.297,-20
Svalbard,10/10/2023 17:03:11,10/10/2023 17:04:29,77.65,20
Svalbard,10/10/2023 18:41:19,10/10/2023 18:43:41,142.223,20
Svalbard,10/10/2023 18:41:29,10/10/2023 18:43:31,122.373,10
Svalbard,10/10/2023 18:41:50,10/10/2023 18:43:11,80.308,0
Svalbard,10/10/2023 20:19:39,10/10/2023 20:21:42,123.366,-10
Svalbard,10/10/2023 20:19:42,10/10/2023 20:21:40,117.465,-20
Svalbard,10/10/2023 20:19:44,10/10/2023 20:21:37,112.336,0
Svalbard,10/10/2023 21:57:17,10/10/2023 21:59:44,146.701,-20
Svalbard,10/10/2023 23:34:57,10/10/2023 23:37:25,147.625,-20
Svalbard,10/11/2023 01:12:52,10/11/2023 01:15:02,129.883,-20
Svalbard,10/11/2023 01:12:55,10/11/2023 01:15:00,125.261,-10
Svalbard,10/11/2023 02:51:00,10/11/2023 02:53:06,125.781,10
Svalbard,10/11/2023 02:51:08,10/11/2023 02:53:08,119.956,20
Svalbard,10/11/2023 02:51:10,10/11/2023 02:52:55,104.679,0
Svalbard,10/11/2023 02:51:33,10/11/2023 02:52:32,58.198,-10
Svalbard,10/11/2023 04:29:35,10/11/2023 04:31:37,122.099,20
Fairbanks,10/11/2023 04:39:29,10/11/2023 04:41:40,131.271,20
Fairbanks,10/11/2023 04:39:33,10/11/2023 04:41:38,125.186,10
Fairbanks,10/11/2023 04:39:45,10/11/2023 04:41:27,101.198,0
Fairbanks,10/11/2023 04:40:13,10/11/2023 04:41:01,48.124,-10
Troll,10/11/2023 08:44:17,10/11/2023 08:45:46,89.665,10
Punta Arenas,10/11/2023 12:08:06,10/11/2023 12:10:10,123.987,20
Troll,10/11/2023 13:35:55,10/11/2023 13:36:49,53.974,20
Fairbanks,10/11/2023 14:20:40,10/11/2023 14:22:49,128.761,-20
Fairbanks,10/11/2023 14:20:57,10/11/2023 14:22:48,111.176,-10
Troll,10/11/2023 15:12:48,10/11/2023 15:13:47,59.633,10
Troll,10/11/2023 15:13:23,10/11/2023 15:14:12,49.242,0
Svalbard,10/11/2023 17:48:13,10/11/2023 17:50:37,143.613,20
Svalbard,10/11/2023 17:49:04,10/11/2023 17:49:47,43.294,10
Svalbard,10/11/2023 19:26:50,10/11/2023 19:28:51,120.298,10
Svalbard,10/11/2023 19:26:53,10/11/2023 19:28:49,116.529,0
Svalbard,10/11/2023 19:27:03,10/11/2023 19:28:39,95.567,-10
Svalbard,10/11/2023 19:27:29,10/11/2023 19:28:14,45.156,-20
Svalbard,10/11/2023 21:04:41,10/11/2023 21:07:00,138.66,-20
Svalbard,10/11/2023 21:04:49,10/11/2023 21:06:52,123.281,-10
Punta Arenas,10/11/2023 21:42:52,10/11/2023 21:43:17,25.281,10
Punta Arenas,10/11/2023 21:43:10,10/11/2023 21:44:39,88.94,0
Svalbard,10/11/2023 22:42:20,10/11/2023 22:44:48,147.884,-20
Svalbard,10/12/2023 00:20:03,10/12/2023 00:22:28,144.515,-20
Svalbard,10/12/2023 00:22:13,10/12/2023 00:22:15,1.788,-10
Svalbard,10/12/2023 01:58:10,10/12/2023 02:00:09,118.39,0
Svalbard,10/12/2023 01:58:11,10/12/2023 02:00:07,115.997,-10
Svalbard,10/12/2023 01:58:21,10/12/2023 01:59:57,95.86,-20
Svalbard,10/12/2023 03:36:13,10/12/2023 03:38:42,149.409,20
Svalbard,10/12/2023 03:36:34,10/12/2023 03:38:20,105.788,10
Fairbanks,10/12/2023 03:46:50,10/12/2023 03:48:11,81.354,20
Fairbanks,10/12/2023 05:24:40,10/12/2023 05:27:00,140.11,-20
Fairbanks,10/12/2023 05:24:48,10/12/2023 05:26:01,72.353,-10
Troll,10/12/2023 07:51:43,10/12/2023 07:53:01,78.416,-10
Troll,10/12/2023 09:28:59,10/12/2023 09:30:59,119.964,20
Troll,10/12/2023 14:20:07,10/12/2023 14:22:12,124.84,20
Fairbanks,10/12/2023 15:05:52,10/12/2023 15:08:15,143.175,20
Fairbanks,10/12/2023 15:06:02,10/12/2023 15:08:03,121.141,10
Fairbanks,10/12/2023 15:06:24,10/12/2023 15:07:39,75.728,0
Troll,10/12/2023 15:58:04,10/12/2023 15:58:29,25.435,-10
Troll,10/12/2023 15:58:26,10/12/2023 15:59:27,61.34,-20
Svalbard,10/12/2023 16:55:48,10/12/2023 16:56:34,45.866,20
Svalbard,10/12/2023 18:33:40,10/12/2023 18:36:05,145.319,20
Svalbard,10/12/2023 18:33:54,10/12/2023 18:35:53,119.005,10
Svalbard,10/12/2023 18:34:21,10/12/2023 18:35:27,66.041,0
Svalbard,10/12/2023 20:12:05,10/12/2023 20:14:07,121.77,-10
Svalbard,10/12/2023 20:12:08,10/12/2023 20:14:03,114.732,0
Svalbard,10/12/2023 20:12:10,10/12/2023 20:14:02,111.88,-20
Svalbard,10/12/2023 21:49:43,10/12/2023 21:52:10,146.155,-20
Svalbard,10/12/2023 23:27:24,10/12/2023 23:29:51,147.721,-20
Svalbard,10/13/2023 01:05:16,10/13/2023 01:07:29,133.063,-20
Svalbard,10/13/2023 01:05:21,10/13/2023 01:07:26,125.014,-10
Svalbard,10/13/2023 02:43:24,10/13/2023 02:45:29,125.001,10
Svalbard,10/13/2023 02:43:32,10/13/2023 02:45:21,109.618,0
Svalbard,10/13/2023 02:43:45,10/13/2023 02:45:29,103.651,20
Svalbard,10/13/2023 02:43:50,10/13/2023 02:45:03,73.268,-10
Svalbard,10/13/2023 04:21:52,10/13/2023 04:24:03,130.817,20
Fairbanks,10/13/2023 04:31:47,10/13/2023 04:34:09,141.461,20
Fairbanks,10/13/2023 04:31:58,10/13/2023 04:34:00,122.115,10
Fairbanks,10/13/2023 04:32:19,10/13/2023 04:33:40,80.9,0
Troll,10/13/2023 08:36:37,10/13/2023 08:38:20,102.892,10
Punta Arenas,10/13/2023 12:01:01,10/13/2023 12:01:58,56.36,10
Punta Arenas,10/13/2023 12:01:43,10/13/2023 12:02:45,62.176,20
Troll,10/13/2023 13:28:44,10/13/2023 13:28:58,13.857,20
Fairbanks,10/13/2023 14:13:01,10/13/2023 14:15:20,138.85,-20
Fairbanks,10/13/2023 14:14:16,10/13/2023 14:15:13,56.783,-10
Troll,10/13/2023 15:05:18,10/13/2023 15:06:40,81.55,10
Fairbanks,10/13/2023 15:51:55,10/13/2023 15:53:07,72.673,20
Svalbard,10/13/2023 17:40:37,10/13/2023 17:42:56,138.975,20
Svalbard,10/13/2023 19:19:13,10/13/2023 19:21:16,122.779,10
Svalbard,10/13/2023 19:19:18,10/13/2023 19:21:12,114.089,0
Svalbard,10/13/2023 19:19:27,10/13/2023 19:21:02,94.799,20
Svalbard,10/13/2023 19:19:32,10/13/2023 19:20:59,87.136,-10
Svalbard,10/13/2023 20:57:08,10/13/2023 20:59:24,136.39,-20
Svalbard,10/13/2023 20:57:14,10/13/2023 20:59:18,124.153,-10
Punta Arenas,10/13/2023 21:35:24,10/13/2023 21:36:41,77.357,10
Punta Arenas,10/13/2023 21:35:59,10/13/2023 21:36:49,49.975,0
Svalbard,10/13/2023 22:34:47,10/13/2023 22:37:14,147.787,-20
Svalbard,10/14/2023 00:12:29,10/14/2023 00:14:55,145.356,-20
Svalbard,10/14/2023 01:50:35,10/14/2023 01:52:34,118.986,-10
Svalbard,10/14/2023 01:50:36,10/14/2023 01:52:33,117.152,0
Svalbard,10/14/2023 01:50:42,10/14/2023 01:52:26,103.607,-20
Svalbard,10/14/2023 03:28:36,10/14/2023 03:31:04,148.192,20
Svalbard,10/14/2023 03:28:53,10/14/2023 03:30:46,112.726,10
Svalbard,10/14/2023 03:29:31,10/14/2023 03:30:07,35.86,0
Fairbanks,10/14/2023 05:17:11,10/14/2023 05:19:21,130.757,-20
Fairbanks,10/14/2023 05:17:13,10/14/2023 05:19:17,124.657,-10
Troll,10/14/2023 07:44:32,10/14/2023 07:45:03,30.914,-20
Troll,10/14/2023 07:45:28,10/14/2023 07:45:35,7.202,-10
Troll,10/14/2023 09:21:23,10/14/2023 09:23:32,128.924,20
Troll,10/14/2023 14:12:39,10/14/2023 14:14:46,126.853,20
Fairbanks,10/14/2023 14:58:23,10/14/2023 15:00:29,125.206,10
Fairbanks,10/14/2023 14:58:35,10/14/2023 15:00:34,119.036,20
Fairbanks,10/14/2023 14:58:36,10/14/2023 15:00:14,98.345,0
Fairbanks,10/14/2023 14:59:06,10/14/2023 14:59:43,36.635,-10
Troll,10/14/2023 15:50:36,10/14/2023 15:51:34,58.156,-10
Troll,10/14/2023 15:51:17,10/14/2023 15:51:27,10.176,-20
Svalbard,10/14/2023 18:26:02,10/14/2023 18:28:30,147.604,20
Svalbard,10/14/2023 18:26:19,10/14/2023 18:28:13,114.224,10
Svalbard,10/14/2023 18:26:54,10/14/2023 18:27:39,44.546,0
Svalbard,10/14/2023 20:04:31,10/14/2023 20:06:31,119.593,-10
Svalbard,10/14/2023 20:04:32,10/14/2023 20:06:29,116.626,0
Svalbard,10/14/2023 20:04:38,10/14/2023 20:06:24,105.453,-20
Svalbard,10/14/2023 21:42:10,10/14/2023 21:44:36,145.478,-20
Svalbard,10/14/2023 23:19:50,10/14/2023 23:22:18,147.782,-20
Svalbard,10/15/2023 00:57:41,10/15/2023 00:59:57,135.793,-20
Svalbard,10/15/2023 00:57:47,10/15/2023 00:59:51,124.438,-10
Svalbard,10/15/2023 02:35:49,10/15/2023 02:37:52,123.416,10
Svalbard,10/15/2023 02:35:54,10/15/2023 02:37:47,113.329,0
Svalbard,10/15/2023 02:36:08,10/15/2023 02:37:32,84.547,-10
Svalbard,10/15/2023 02:36:24,10/15/2023 02:37:49,85.544,20
Svalbard,10/15/2023 04:14:11,10/15/2023 04:16:28,137.507,20
Fairbanks,10/15/2023 04:24:08,10/15/2023 04:26:35,147.418,20
Fairbanks,10/15/2023 04:24:26,10/15/2023 04:26:19,112.881,10
Fairbanks,10/15/2023 04:25:04,10/15/2023 04:25:43,39.334,0
Troll,10/15/2023 10:07:04,10/15/2023 10:07:33,29.136,20
Punta Arenas,10/15/2023 11:53:21,10/15/2023 11:54:48,86.609,10
Fairbanks,10/15/2023 14:05:24,10/15/2023 14:07:49,145.086,-20
Fairbanks,10/15/2023 14:07:23,10/15/2023 14:07:36,13.285,-10
Troll,10/15/2023 14:57:51,10/15/2023 14:59:27,96.141,10
Fairbanks,10/15/2023 15:43:58,10/15/2023 15:45:48,110.069,20
Svalbard,10/15/2023 17:33:02,10/15/2023 17:35:15,132.702,20
Svalbard,10/15/2023 19:11:36,10/15/2023 19:13:41,124.532,10
Svalbard,10/15/2023 19:11:38,10/15/2023 19:13:39,121.354,20
Svalbard,10/15/2023 19:11:44,10/15/2023 19:13:34,110.642,0
Svalbard,10/15/2023 19:12:01,10/15/2023 19:13:18,76.567,-10
Svalbard,10/15/2023 20:49:35,10/15/2023 20:51:49,133.739,-20
Svalbard,10/15/2023 20:49:39,10/15/2023 20:51:44,124.764,-10
Punta Arenas,10/15/2023 21:27:32,10/15/2023 21:28:32,59.476,20
Punta Arenas,10/15/2023 21:28:03,10/15/2023 21:29:37,93.206,10
Svalbard,10/15/2023 22:27:13,10/15/2023 22:29:41,147.674,-20
Svalbard,10/16/2023 00:04:55,10/16/2023 00:07:21,146.024,-20
Svalbard,10/16/2023 01:42:59,10/16/2023 01:45:00,121.297,-10
Svalbard,10/16/2023 01:43:02,10/16/2023 01:44:57,115.357,0
Svalbard,10/16/2023 01:43:04,10/16/2023 01:44:54,110.27,-20
Svalbard,10/16/2023 03:21:00,10/16/2023 03:23:26,146.089,20
Svalbard,10/16/2023 03:21:14,10/16/2023 03:23:11,117.89,10
Svalbard,10/16/2023 03:21:42,10/16/2023 03:22:43,61.16,0
Svalbard,10/16/2023 05:00:41,10/16/2023 05:01:11,30.577,20
Fairbanks,10/16/2023 05:09:39,10/16/2023 05:11:42,123.006,-10
Fairbanks,10/16/2023 05:09:43,10/16/2023 05:11:40,117.238,-20
Fairbanks,10/16/2023 05:09:44,10/16/2023 05:11:33,109.421,0
Troll,10/16/2023 07:36:39,10/16/2023 07:37:47,67.742,-20
Troll,10/16/2023 09:14:06,10/16/2023 09:15:55,108.252,20
Troll,10/16/2023 14:05:12,10/16/2023 14:07:10,117.653,20
Fairbanks,10/16/2023 14:50:48,10/16/2023 14:52:52,123.979,10
Fairbanks,10/16/2023 14:50:54,10/16/2023 14:52:45,111.056,0
Fairbanks,10/16/2023 14:51:09,10/16/2023 14:52:28,78.446,-10
Fairbanks,10/16/2023 14:51:31,10/16/2023 14:52:51,79.644,20
Troll,10/16/2023 15:43:10,10/16/2023 15:44:24,73.78,-10
Svalbard,10/16/2023 18:18:24,10/16/2023 18:20:53,149.019,20
Svalbard,10/16/2023 18:18:45,10/16/2023 18:20:33,107.755,10
Svalbard,10/16/2023 19:56:57,10/16/2023 19:58:55,117.978,0
Svalbard,10/16/2023 19:56:57,10/16/2023 19:58:54,116.763,-10
Svalbard,10/16/2023 19:57:07,10/16/2023 19:58:45,98.005,-20
Svalbard,10/16/2023 19:57:30,10/16/2023 19:58:26,55.462,10
Svalbard,10/16/2023 21:34:37,10/16/2023 21:37:01,144.638,-20
Svalbard,10/16/2023 21:36:30,10/16/2023 21:36:48,17.74,-10
Svalbard,10/16/2023 23:12:17,10/16/2023 23:14:44,147.823,-20
Svalbard,10/17/2023 00:50:05,10/17/2023 00:52:23,138.122,-20
Svalbard,10/17/2023 00:50:13,10/17/2023 00:52:16,123.58,-10
Svalbard,10/17/2023 02:28:14,10/17/2023 02:30:15,121.084,10
Svalbard,10/17/2023 02:28:17,10/17/2023 02:30:13,115.99,0
Svalbard,10/17/2023 02:28:28,10/17/2023 02:30:01,93.462,-10
Svalbard,10/17/2023 02:28:55,10/17/2023 02:29:33,38.286,-20
Svalbard,10/17/2023 02:29:06,10/17/2023 02:30:10,63.407,20
Svalbard,10/17/2023 04:06:30,10/17/2023 04:08:52,142.503,20
Svalbard,10/17/2023 04:07:25,10/17/2023 04:07:56,31.438,10
Fairbanks,10/17/2023 04:16:30,10/17/2023 04:18:59,148.9,20
Fairbanks,10/17/2023 04:16:58,10/17/2023 04:18:33,95.176,10
Troll,10/17/2023 08:21:54,10/17/2023 08:22:50,56.502,0
Troll,10/17/2023 09:59:18,10/17/2023 10:00:18,60.052,20
Punta Arenas,10/17/2023 11:45:50,10/17/2023 11:46:57,66.936,0
Fairbanks,10/17/2023 13:58:48,10/17/2023 14:00:17,89.179,-20
Troll,10/17/2023 14:50:25,10/17/2023 14:51:51,86.034,10
Fairbanks,10/17/2023 15:36:09,10/17/2023 15:38:20,130.869,20
Svalbard,10/17/2023 17:25:28,10/17/2023 17:27:32,124.488,20
Svalbard,10/17/2023 19:03:58,10/17/2023 19:06:06,127.501,20
Svalbard,10/17/2023 19:04:00,10/17/2023 19:06:05,125.495,10
Svalbard,10/17/2023 19:04:10,10/17/2023 19:05:56,106.019,0
Svalbard,10/17/2023 19:04:32,10/17/2023 19:05:34,62.728,-10
Svalbard,10/17/2023 20:42:02,10/17/2023 20:44:13,130.653,-20
Svalbard,10/17/2023 20:42:05,10/17/2023 20:44:10,125.063,-10
Punta Arenas,10/17/2023 21:20:04,10/17/2023 21:21:39,95.743,20
Punta Arenas,10/17/2023 21:21:04,10/17/2023 21:21:32,28.216,10
Svalbard,10/17/2023 22:19:40,10/17/2023 22:22:07,147.532,-20
Svalbard,10/17/2023 23:57:21,10/17/2023 23:59:48,146.549,-20
Svalbard,10/18/2023 01:35:23,10/18/2023 01:37:26,123.005,-10
Svalbard,10/18/2023 01:35:26,10/18/2023 01:37:22,116.045,-20
Svalbard,10/18/2023 01:35:29,10/18/2023 01:37:21,111.774,0
Svalbard,10/18/2023 03:13:25,10/18/2023 03:15:48,143.165,20
Svalbard,10/18/2023 03:13:35,10/18/2023 03:15:36,121.578,10
Svalbard,10/18/2023 03:13:57,10/18/2023 03:15:14,76.819,0
Svalbard,10/18/2023 04:52:41,10/18/2023 04:53:52,70.422,20
Fairbanks,10/18/2023 05:02:06,10/18/2023 05:04:04,117.586,0
Fairbanks,10/18/2023 05:02:08,10/18/2023 05:04:04,116.752,-10
Fairbanks,10/18/2023 05:02:14,10/18/2023 05:03:12,58.923,10
Fairbanks,10/18/2023 05:02:17,10/18/2023 05:03:56,98.495,-20
Troll,10/18/2023 07:30:08,10/18/2023 07:30:23,14.328,-20
Troll,10/18/2023 13:57:46,10/18/2023 13:59:33,106.817,20
Fairbanks,10/18/2023 14:43:15,10/18/2023 14:45:12,117.305,0
Fairbanks,10/18/2023 14:43:23,10/18/2023 14:45:03,100.019,-10
Fairbanks,10/18/2023 14:43:30,10/18/2023 14:45:14,103.249,10
Fairbanks,10/18/2023 14:43:44,10/18/2023 14:44:42,58.194,-20
Troll,10/18/2023 15:35:20,10/18/2023 15:35:40,19.747,0
Troll,10/18/2023 15:35:49,10/18/2023 15:36:37,47.148,-10
Svalbard,10/18/2023 18:10:47,10/18/2023 18:13:16,149.493,20
Svalbard,10/18/2023 18:11:12,10/18/2023 18:12:51,99.186,10
Svalbard,10/18/2023 19:49:21,10/18/2023 19:51:20,118.742,0
Svalbard,10/18/2023 19:49:24,10/18/2023 19:51:17,113.19,-10
Svalbard,10/18/2023 19:49:26,10/18/2023 19:51:14,107.954,10
Svalbard,10/18/2023 19:49:36,10/18/2023 19:51:05,89.278,-20
Svalbard,10/18/2023 21:27:03,10/18/2023 21:29:27,143.604,-20
Svalbard,10/18/2023 21:27:15,10/18/2023 21:29:15,119.081,-10
Punta Arenas,10/18/2023 22:05:27,10/18/2023 22:05:58,30.32,-20
Svalbard,10/18/2023 23:04:43,10/18/2023 23:07:11,147.851,-20
Svalbard,10/19/2023 00:42:30,10/19/2023 00:44:50,140.098,-20
Svalbard,10/19/2023 00:42:39,10/19/2023 00:44:42,122.489,-10
Svalbard,10/19/2023 02:20:40,10/19/2023 02:22:38,117.737,0
Svalbard,10/19/2023 02:20:40,10/19/2023 02:22:38,118.054,10
Svalbard,10/19/2023 02:20:48,10/19/2023 02:22:29,100.688,-10
Svalbard,10/19/2023 02:21:09,10/19/2023 02:22:08,59.31,-20
Svalbard,10/19/2023 03:58:50,10/19/2023 04:01:16,146.034,20
Svalbard,10/19/2023 03:59:31,10/19/2023 04:00:34,63.408,10
Fairbanks,10/19/2023 04:08:55,10/19/2023 04:11:20,145.376,20
Fairbanks,10/19/2023 04:09:38,10/19/2023 04:10:39,61.546,10
Fairbanks,10/19/2023 05:47:00,10/19/2023 05:47:54,53.464,-20
Troll,10/19/2023 08:14:09,10/19/2023 08:15:28,78.77,0
Troll,10/19/2023 09:51:37,10/19/2023 09:52:57,79.598,20
Punta Arenas,10/19/2023 11:38:29,10/19/2023 11:39:10,40.981,-10
Punta Arenas,10/19/2023 11:39:17,10/19/2023 11:39:41,23.641,0
Fairbanks,10/19/2023 13:51:50,10/19/2023 13:52:43,53.362,-20
Troll,10/19/2023 14:43:02,10/19/2023 14:44:09,66.753,10
Fairbanks,10/19/2023 15:28:26,10/19/2023 15:30:49,142.746,20
Fairbanks,10/19/2023 15:29:16,10/19/2023 15:29:56,40.095,10
Svalbard,10/19/2023 17:17:54,10/19/2023 17:19:48,113.873,20
Svalbard,10/19/2023 18:56:19,10/19/2023 18:58:32,132.97,20
Svalbard,10/19/2023 18:56:23,10/19/2023 18:58:29,125.598,10
Svalbard,10/19/2023 18:56:37,10/19/2023 18:58:17,99.994,0
Svalbard,10/19/2023 18:57:06,10/19/2023 18:57:48,42.456,-10
Svalbard,10/19/2023 20:34:30,10/19/2023 20:36:37,127.085,-20
Svalbard,10/19/2023 20:34:30,10/19/2023 20:36:35,125.003,-10
Svalbard,10/19/2023 20:34:43,10/19/2023 20:36:25,102.461,0
Punta Arenas,10/19/2023 21:12:41,10/19/2023 21:14:35,114.372,20
Svalbard,10/19/2023 22:12:06,10/19/2023 22:14:34,147.346,-20
Svalbard,10/19/2023 23:49:47,10/19/2023 23:52:14,146.96,-20
Svalbard,10/20/2023 01:27:47,10/20/2023 01:29:52,124.178,-10
Svalbard,10/20/2023 01:27:49,10/20/2023 01:29:50,121.074,-20
Svalbard,10/20/2023 01:28:09,10/20/2023 01:29:45,95.58,0
Svalbard,10/20/2023 03:05:50,10/20/2023 03:08:09,139.466,20
Svalbard,10/20/2023 03:05:57,10/20/2023 03:08:01,124.005,10
Svalbard,10/20/2023 03:06:14,10/20/2023 03:07:43,88.211,0
Svalbard,10/20/2023 04:44:51,10/20/2023 04:46:24,92.476,20
Fairbanks,10/20/2023 04:54:31,10/20/2023 04:56:29,118.276,0
Fairbanks,10/20/2023 04:54:32,10/20/2023 04:56:27,114.855,10
Fairbanks,10/20/2023 04:54:38,10/20/2023 04:56:24,105.33,-10
Fairbanks,10/20/2023 04:54:56,10/20/2023 04:56:07,71.196,-20
Troll,10/20/2023 08:59:32,10/20/2023 09:00:10,38.225,10
Troll,10/20/2023 13:50:21,10/20/2023 13:51:55,93.986,20
Fairbanks,10/20/2023 14:35:39,10/20/2023 14:37:38,118.299,0
Fairbanks,10/20/2023 14:35:41,10/20/2023 14:37:35,113.482,-10
Fairbanks,10/20/2023 14:35:52,10/20/2023 14:37:23,90.55,-20
Fairbanks,10/20/2023 14:36:33,10/20/2023 14:37:33,60.253,10
Troll,10/20/2023 15:27:52,10/20/2023 15:28:40,47.79,0
Svalbard,10/20/2023 18:03:09,10/20/2023 18:05:38,148.946,20
Svalbard,10/20/2023 18:03:40,10/20/2023 18:05:08,87.831,10
Svalbard,10/20/2023 19:41:46,10/20/2023 19:43:44,118.863,0
Svalbard,10/20/2023 19:41:48,10/20/2023 19:43:41,112.625,10
Svalbard,10/20/2023 19:41:51,10/20/2023 19:43:40,108.77,-10
Svalbard,10/20/2023 19:42:06,10/20/2023 19:43:25,78.848,-20
Svalbard,10/20/2023 21:19:30,10/20/2023 21:21:52,142.349,-20
Svalbard,10/20/2023 21:19:41,10/20/2023 21:21:41,120.606,-10
Punta Arenas,10/20/2023 21:58:43,10/20/2023 21:59:21,37.632,-20
Svalbard,10/20/2023 22:57:10,10/20/2023 22:59:38,147.874,-20
Svalbard,10/21/2023 00:34:55,10/21/2023 00:37:17,141.764,-20
Svalbard,10/21/2023 00:35:06,10/21/2023 00:37:07,121.206,-10
Svalbard,10/21/2023 02:13:04,10/21/2023 02:15:03,118.674,0
Svalbard,10/21/2023 02:13:06,10/21/2023 02:15:01,114.351,10
Svalbard,10/21/2023 02:13:10,10/21/2023 02:14:56,106.605,-10
Svalbard,10/21/2023 02:13:26,10/21/2023 02:14:40,73.789,-20
Svalbard,10/21/2023 03:51:11,10/21/2023 03:53:40,148.271,20
Svalbard,10/21/2023 03:51:44,10/21/2023 03:53:06,81.712,10
Fairbanks,10/21/2023 04:01:22,10/21/2023 04:03:38,135.913,20
Fairbanks,10/21/2023 05:39:26,10/21/2023 05:41:54,147.701,-20
Troll,10/21/2023 09:43:58,10/21/2023 09:45:33,94.846,20
Punta Arenas,10/21/2023 11:31:04,10/21/2023 11:31:25,20.728,-20
Punta Arenas,10/21/2023 11:31:33,10/21/2023 11:32:01,28.393,-10
Fairbanks,10/21/2023 13:44:43,10/21/2023 13:45:08,25.419,-20
Troll,10/21/2023 14:35:46,10/21/2023 14:36:21,34.881,10
Fairbanks,10/21/2023 15:20:46,10/21/2023 15:23:14,148.19,20
Fairbanks,10/21/2023 15:21:16,10/21/2023 15:22:42,86.196,10
Svalbard,10/21/2023 17:10:22,10/21/2023 17:12:03,100.069,20
Svalbard,10/21/2023 18:48:41,10/21/2023 18:50:58,137.744,20
Svalbard,10/21/2023 18:48:47,10/21/2023 18:50:52,124.757,10
Svalbard,10/21/2023 18:49:04,10/21/2023 18:50:36,92.227,0
Svalbard,10/21/2023 20:26:56,10/21/2023 20:29:01,124.534,-10
Svalbard,10/21/2023 20:26:57,10/21/2023 20:29:00,122.977,-20
Svalbard,10/21/2023 20:27:04,10/21/2023 20:28:53,108.978,0
Punta Arenas,10/21/2023 21:05:58,10/21/2023 21:06:59,60.923,20
Svalbard,10/21/2023 22:04:33,10/21/2023 22:07:00,147.1,-20
Svalbard,10/21/2023 23:42:14,10/21/2023 23:44:41,147.281,-20
Svalbard,10/22/2023 01:20:12,10/22/2023 01:22:17,125.459,-20
Svalbard,10/22/2023 01:20:12,10/22/2023 01:22:17,124.874,-10
Svalbard,10/22/2023 01:20:49,10/22/2023 01:22:09,79.329,0
Svalbard,10/22/2023 02:58:15,10/22/2023 03:00:30,135.033,20
Svalbard,10/22/2023 02:58:20,10/22/2023 03:00:25,125.324,10
Svalbard,10/22/2023 02:58:34,10/22/2023 03:00:11,96.917,0
Svalbard,10/22/2023 02:59:07,10/22/2023 02:59:36,28.945,-10
Svalbard,10/22/2023 04:37:04,10/22/2023 04:38:53,108.235,20
Fairbanks,10/22/2023 04:46:53,10/22/2023 04:48:55,122.581,10
Fairbanks,10/22/2023 04:46:56,10/22/2023 04:48:39,103.312,20
Fairbanks,10/22/2023 04:46:58,10/22/2023 04:48:52,113.897,0
Fairbanks,10/22/2023 04:47:12,10/22/2023 04:48:39,87.008,-10
Troll,10/22/2023 08:51:44,10/22/2023 08:52:53,68.321,10
Punta Arenas,10/22/2023 12:15:31,10/22/2023 12:17:06,95.503,20
Troll,10/22/2023 13:42:58,10/22/2023 13:44:16,78.421,20
Fairbanks,10/22/2023 14:28:02,10/22/2023 14:30:04,121.394,-10
Fairbanks,10/22/2023 14:28:06,10/22/2023 14:29:58,111.58,-20
Fairbanks,10/22/2023 14:28:27,10/22/2023 14:30:01,94.403,0
Troll,10/22/2023 15:20:27,10/22/2023 15:21:37,70.735,0
Svalbard,10/22/2023 17:55:32,10/22/2023 17:58:00,147.287,20
Svalbard,10/22/2023 17:56:10,10/22/2023 17:57:23,72.321,10
Svalbard,10/22/2023 19:34:10,10/22/2023 19:36:09,118.281,0
Svalbard,10/22/2023 19:34:11,10/22/2023 19:36:07,116.638,10
Svalbard,10/22/2023 19:34:18,10/22/2023 19:36:01,103.362,-10
Svalbard,10/22/2023 19:34:37,10/22/2023 19:35:43,65.915,-20
Svalbard,10/22/2023 19:35:01,10/22/2023 19:35:16,14.454,20
Svalbard,10/22/2023 21:11:57,10/22/2023 21:14:18,140.837,-20
Svalbard,10/22/2023 21:12:06,10/22/2023 21:14:08,121.999,-10
Punta Arenas,10/22/2023 21:51:11,10/22/2023 21:51:32,20.875,-10
Svalbard,10/22/2023 22:49:36,10/22/2023 22:52:04,147.895,-20
Svalbard,10/23/2023 00:27:21,10/23/2023 00:29:44,143.161,-20
Svalbard,10/23/2023 00:27:40,10/23/2023 00:29:32,112.311,-10
Svalbard,10/23/2023 02:05:28,10/23/2023 02:07:27,118.879,0
Svalbard,10/23/2023 02:05:32,10/23/2023 02:07:23,111.458,-10
Svalbard,10/23/2023 02:05:38,10/23/2023 02:07:23,104.888,10
Svalbard,10/23/2023 02:05:45,10/23/2023 02:07:10,85.165,-20
Svalbard,10/23/2023 03:43:33,10/23/2023 03:46:03,149.34,20
Svalbard,10/23/2023 03:44:00,10/23/2023 03:45:35,94.697,10
Fairbanks,10/23/2023 03:53:53,10/23/2023 03:55:52,118.666,20
Fairbanks,10/23/2023 05:31:53,10/23/2023 05:34:20,146.433,-20
Fairbanks,10/23/2023 05:32:09,10/23/2023 05:32:41,31.257,-10
Troll,10/23/2023 07:59:16,10/23/2023 08:00:06,49.737,-10
Troll,10/23/2023 09:36:21,10/23/2023 09:38:08,107.446,20
Punta Arenas,10/23/2023 11:23:55,10/23/2023 11:24:24,29.093,-20
Troll,10/23/2023 14:27:19,10/23/2023 14:27:53,33.35,20
Fairbanks,10/23/2023 15:13:09,10/23/2023 15:15:37,148.363,20
Fairbanks,10/23/2023 15:13:28,10/23/2023 15:15:16,107.939,10
Troll,10/23/2023 16:05:32,10/23/2023 16:06:03,31.315,-20
Svalbard,10/23/2023 17:02:53,10/23/2023 17:04:14,81.468,20
Svalbard,10/23/2023 18:41:02,10/23/2023 18:43:24,141.797,20
Svalbard,10/23/2023 18:41:12,10/23/2023 18:43:15,122.869,10
Svalbard,10/23/2023 18:41:32,10/23/2023 18:42:55,82.164,0
Svalbard,10/23/2023 20:19:22,10/23/2023 20:21:25,123.609,-10
Svalbard,10/23/2023 20:19:25,10/23/2023 20:21:23,118.266,-20
Svalbard,10/23/2023 20:19:27,10/23/2023 20:21:19,112.001,0
Svalbard,10/23/2023 21:57:00,10/23/2023 21:59:26,146.772,-20
Svalbard,10/23/2023 21:58:48,10/23/2023 21:59:09,20.638,-10
Svalbard,10/23/2023 23:34:40,10/23/2023 23:37:07,147.535,-20
Svalbard,10/24/2023 01:12:36,10/24/2023 01:14:45,129.285,-20
Svalbard,10/24/2023 01:12:38,10/24/2023 01:14:43,125.142,-10
Svalbard,10/24/2023 01:13:30,10/24/2023 01:14:32,62.745,0
Svalbard,10/24/2023 02:50:42,10/24/2023 02:52:51,129.889,20
Svalbard,10/24/2023 02:50:43,10/24/2023 02:52:49,125.655,10
Svalbard,10/24/2023 02:50:54,10/24/2023 02:52:38,103.68,0
Svalbard,10/24/2023 02:51:18,10/24/2023 02:52:13,55.358,-10
Svalbard,10/24/2023 04:29:20,10/24/2023 04:31:20,120.219,20
Fairbanks,10/24/2023 04:39:13,10/24/2023 04:41:22,129.681,20
Fairbanks,10/24/2023 04:39:16,10/24/2023 04:41:21,125.484,10
Fairbanks,10/24/2023 04:39:27,10/24/2023 04:41:11,103.619,0
Fairbanks,10/24/2023 04:39:52,10/24/2023 04:40:47,55.55,-10
Troll,10/24/2023 08:44:02,10/24/2023 08:45:30,87.04,10
Punta Arenas,10/24/2023 12:08:33,10/24/2023 12:09:51,78.255,20
Troll,10/24/2023 13:35:37,10/24/2023 13:36:35,58.274,20
Fairbanks,10/24/2023 14:20:24,10/24/2023 14:22:31,126.704,-20
Fairbanks,10/24/2023 14:20:26,10/24/2023 14:22:31,124.591,-10
Fairbanks,10/24/2023 14:21:32,10/24/2023 14:22:22,49.696,0
Troll,10/24/2023 15:13:05,10/24/2023 15:13:59,54.253,0
Svalbard,10/24/2023 17:47:56,10/24/2023 17:50:20,144.404,20
Svalbard,10/24/2023 17:48:44,10/24/2023 17:49:33,48.762,10
Svalbard,10/24/2023 19:26:34,10/24/2023 19:28:34,119.987,10
Svalbard,10/24/2023 19:26:35,10/24/2023 19:28:32,116.928,0
Svalbard,10/24/2023 19:26:40,10/24/2023 19:28:26,105.895,20
Svalbard,10/24/2023 19:26:46,10/24/2023 19:28:23,96.771,-10
Svalbard,10/24/2023 19:27:10,10/24/2023 19:27:59,48.487,-20
Svalbard,10/24/2023 21:04:24,10/24/2023 21:06:43,139.035,-20
Svalbard,10/24/2023 21:04:31,10/24/2023 21:06:35,123.214,-10
Punta Arenas,10/24/2023 21:42:52,10/24/2023 21:43:44,52.416,0
Punta Arenas,10/24/2023 21:43:28,10/24/2023 21:43:57,28.709,-10
Svalbard,10/24/2023 22:42:03,10/24/2023 22:44:31,147.913,-20
Svalbard,10/25/2023 00:19:46,10/25/2023 00:22:11,144.328,-20
Svalbard,10/25/2023 00:20:14,10/25/2023 00:21:58,104.248,-10
Svalbard,10/25/2023 01:57:53,10/25/2023 01:59:52,118.418,0
Svalbard,10/25/2023 01:57:55,10/25/2023 01:59:50,115.415,-10
Svalbard,10/25/2023 01:58:05,10/25/2023 01:59:39,94.577,-20
Svalbard,10/25/2023 01:58:16,10/25/2023 01:59:45,89.22,10
Svalbard,10/25/2023 03:35:56,10/25/2023 03:38:25,149.344,20
Svalbard,10/25/2023 03:36:18,10/25/2023 03:38:02,104.42,10
Fairbanks,10/25/2023 03:46:30,10/25/2023 03:47:59,88.854,20
Fairbanks,10/25/2023 05:24:22,10/25/2023 05:26:44,141.458,-20
Fairbanks,10/25/2023 05:24:31,10/25/2023 05:26:33,121.248,-10
Troll,10/25/2023 07:52:26,10/25/2023 07:52:44,18.202,-10
Troll,10/25/2023 09:29:00,10/25/2023 09:30:38,98.236,20
Troll,10/25/2023 14:19:51,10/25/2023 14:20:45,53.964,20
Fairbanks,10/25/2023 15:05:34,10/25/2023 15:07:58,143.9,20
Fairbanks,10/25/2023 15:05:45,10/25/2023 15:07:45,119.714,10
Fairbanks,10/25/2023 15:06:09,10/25/2023 15:07:20,70.705,0
Troll,10/25/2023 15:58:08,10/25/2023 15:59:14,65.636,-20
Svalbard,10/25/2023 16:55:28,10/25/2023 16:56:21,53.242,20
Svalbard,10/25/2023 18:33:23,10/25/2023 18:35:49,145.099,20
Svalbard,10/25/2023 18:33:37,10/25/2023 18:35:36,119.8,10
Svalbard,10/25/2023 18:34:02,10/25/2023 18:35:11,68.722,0
Svalbard,10/25/2023 20:11:48,10/25/2023 20:13:50,122.176,-10
Svalbard,10/25/2023 20:11:51,10/25/2023 20:13:46,114.55,0
Svalbard,10/25/2023 20:11:53,10/25/2023 20:13:45,112.862,-20
Svalbard,10/25/2023 21:49:26,10/25/2023 21:51:52,146.341,-20
Svalbard,10/25/2023 21:50:07,10/25/2023 21:51:36,89.277,-10
Svalbard,10/25/2023 23:27:06,10/25/2023 23:29:34,147.74,-20
Svalbard,10/25/2023 23:29:10,10/25/2023 23:29:14,4.393,-10
Svalbard,10/26/2023 01:04:59,10/26/2023 01:07:12,132.611,-20
Svalbard,10/26/2023 01:05:03,10/26/2023 01:07:08,125.033,-10
Svalbard,10/26/2023 01:06:10,10/26/2023 01:06:56,45.518,0
Svalbard,10/26/2023 02:43:07,10/26/2023 02:45:12,125.086,10
Svalbard,10/26/2023 02:43:08,10/26/2023 02:45:12,124.054,20
Svalbard,10/26/2023 02:43:15,10/26/2023 02:45:04,108.911,0
Svalbard,10/26/2023 02:43:34,10/26/2023 02:44:45,71.319,-10
Svalbard,10/26/2023 04:21:36,10/26/2023 04:23:46,129.493,20
Fairbanks,10/26/2023 04:31:31,10/26/2023 04:33:52,140.585,20
Fairbanks,10/26/2023 04:31:41,10/26/2023 04:33:44,123.33,10
Fairbanks,10/26/2023 04:32:01,10/26/2023 04:33:26,85.104,0
Punta Arenas,10/26/2023 12:00:53,10/26/2023 12:01:34,41.258,10
Troll,10/26/2023 13:28:23,10/26/2023 13:28:48,24.719,20
Fairbanks,10/26/2023 14:12:45,10/26/2023 14:15:02,137.423,-20
Fairbanks,10/26/2023 14:13:14,10/26/2023 14:14:56,101.988,-10
Troll,10/26/2023 15:05:02,10/26/2023 15:05:09,6.569,10
Fairbanks,10/26/2023 15:51:43,10/26/2023 15:52:46,63.038,20
Svalbard,10/26/2023 17:40:20,10/26/2023 17:42:40,140.155,20
Svalbard,10/26/2023 19:18:56,10/26/2023 19:20:59,122.654,10
Svalbard,10/26/2023 19:19:01,10/26/2023 19:20:54,113.613,20
Svalbard,10/26/2023 19:19:01,10/26/2023 19:20:55,114.714,0
Svalbard,10/26/2023 19:19:14,10/26/2023 19:20:43,88.685,-10
Svalbard,10/26/2023 19:19:51,10/26/2023 19:20:06,15.12,-20
Svalbard,10/26/2023 20:56:51,10/26/2023 20:59:08,136.901,-20
Svalbard,10/26/2023 20:56:57,10/26/2023 20:59:01,124.213,-10
Punta Arenas,10/26/2023 21:35:07,10/26/2023 21:35:50,42.986,10
Punta Arenas,10/26/2023 21:35:38,10/26/2023 21:36:39,60.75,0
Svalbard,10/26/2023 22:34:29,10/26/2023 22:36:57,147.922,-20
Svalbard,10/27/2023 00:12:12,10/27/2023 00:14:37,145.29,-20
Svalbard,10/27/2023 00:12:44,10/27/2023 00:14:23,99.133,-10
Svalbard,10/27/2023 01:50:18,10/27/2023 01:52:16,118.59,-10
Svalbard,10/27/2023 01:50:19,10/27/2023 01:52:16,117.347,0
Svalbard,10/27/2023 01:50:26,10/27/2023 01:52:08,102.568,-20
Svalbard,10/27/2023 01:50:55,10/27/2023 01:52:07,71.972,10
Svalbard,10/27/2023 03:28:19,10/27/2023 03:30:47,148.365,20
Svalbard,10/27/2023 03:28:37,10/27/2023 03:30:29,111.785,10
Svalbard,10/27/2023 03:29:17,10/27/2023 03:29:47,30.022,0
Fairbanks,10/27/2023 05:16:53,10/27/2023 05:19:05,132.715,-20
Fairbanks,10/27/2023 05:16:56,10/27/2023 05:19:00,124.923,-10
Fairbanks,10/27/2023 05:17:08,10/27/2023 05:18:02,54.065,0
Troll,10/27/2023 07:44:22,10/27/2023 07:44:42,19.482,-20
Troll,10/27/2023 14:12:23,10/27/2023 14:13:26,63.486,20
Fairbanks,10/27/2023 14:58:02,10/27/2023 15:00:18,135.138,20
Fairbanks,10/27/2023 14:58:07,10/27/2023 15:00:11,124.741,10
Fairbanks,10/27/2023 14:58:20,10/27/2023 14:59:56,95.598,0
Fairbanks,10/27/2023 14:58:56,10/27/2023 14:59:19,23.372,-10
Troll,10/27/2023 15:50:19,10/27/2023 15:50:29,9.63,-10
Troll,10/27/2023 15:50:54,10/27/2023 15:51:19,25.633,-20
Svalbard,10/27/2023 18:25:45,10/27/2023 18:28:13,147.605,20
Svalbard,10/27/2023 18:26:02,10/27/2023 18:27:57,115.369,10
Svalbard,10/27/2023 18:26:35,10/27/2023 18:27:24,49.056,0
Svalbard,10/27/2023 20:04:14,10/27/2023 20:06:14,120.169,-10
Svalbard,10/27/2023 20:04:15,10/27/2023 20:06:12,116.601,0
Svalbard,10/27/2023 20:04:21,10/27/2023 20:06:07,106.635,-20
Svalbard,10/27/2023 20:04:25,10/27/2023 20:06:01,95.871,10
Svalbard,10/27/2023 21:41:53,10/27/2023 21:44:18,145.778,-20
Svalbard,10/27/2023 21:42:07,10/27/2023 21:44:03,115.792,-10
Svalbard,10/27/2023 23:19:33,10/27/2023 23:22:01,147.909,-20
Svalbard,10/27/2023 23:21:29,10/27/2023 23:21:40,10.923,-10
Svalbard,10/28/2023 00:57:24,10/28/2023 00:59:39,135.483,-20
Svalbard,10/28/2023 00:57:29,10/28/2023 00:59:34,124.593,-10
Svalbard,10/28/2023 00:58:52,10/28/2023 00:59:19,27.235,0
Svalbard,10/28/2023 02:35:32,10/28/2023 02:37:36,123.694,10
Svalbard,10/28/2023 02:35:37,10/28/2023 02:37:33,115.9,20
Svalbard,10/28/2023 02:35:37,10/28/2023 02:37:30,112.877,0
Svalbard,10/28/2023 02:35:52,10/28/2023 02:37:15,83.118,-10
Svalbard,10/28/2023 04:13:54,10/28/2023 04:16:11,136.632,20
Fairbanks,10/28/2023 04:23:51,10/28/2023 04:26:18,147.296,20
Fairbanks,10/28/2023 04:24:08,10/28/2023 04:26:04,115.257,10
Fairbanks,10/28/2023 04:24:42,10/28/2023 04:25:31,49.5,0
Troll,10/28/2023 10:06:55,10/28/2023 10:07:11,15.99,20
Punta Arenas,10/28/2023 11:53:41,10/28/2023 11:54:29,48.845,10
Fairbanks,10/28/2023 14:05:07,10/28/2023 14:07:32,144.267,-20
Fairbanks,10/28/2023 14:06:19,10/28/2023 14:07:19,59.695,-10
Troll,10/28/2023 14:57:34,10/28/2023 14:58:08,34.119,10
Fairbanks,10/28/2023 15:43:43,10/28/2023 15:45:29,105.543,20
Svalbard,10/28/2023 17:32:45,10/28/2023 17:34:59,134.341,20
Svalbard,10/28/2023 19:11:19,10/28/2023 19:13:24,124.599,10
Svalbard,10/28/2023 19:11:21,10/28/2023 19:13:22,120.611,20
Svalbard,10/28/2023 19:11:26,10/28/2023 19:13:18,111.515,0
Svalbard,10/28/2023 19:11:43,10/28/2023 19:13:02,78.579,-10
Svalbard,10/28/2023 20:49:18,10/28/2023 20:51:32,134.383,-20
Svalbard,10/28/2023 20:49:22,10/28/2023 20:51:27,124.949,-10
Svalbard,10/28/2023 20:49:51,10/28/2023 20:51:13,81.944,0
Punta Arenas,10/28/2023 21:27:16,10/28/2023 21:27:26,9.697,20
Punta Arenas,10/28/2023 21:27:45,10/28/2023 21:28:56,70.713,10
Svalbard,10/28/2023 22:26:56,10/28/2023 22:29:24,147.913,-20
Svalbard,10/28/2023 22:28:48,10/28/2023 22:29:03,15.707,-10
Svalbard,10/29/2023 00:04:38,10/29/2023 00:07:04,146.078,-20
Svalbard,10/29/2023 00:05:12,10/29/2023 00:06:49,96.766,-10
Svalbard,10/29/2023 01:42:42,10/29/2023 01:44:43,121.076,-10
Svalbard,10/29/2023 01:42:45,10/29/2023 01:44:40,115.711,0
Svalbard,10/29/2023 01:42:47,10/29/2023 01:44:37,109.441,-20
Svalbard,10/29/2023 01:43:37,10/29/2023 01:44:29,51.706,10
Svalbard,10/29/2023 03:20:43,10/29/2023 03:23:09,146.477,20
Svalbard,10/29/2023 03:20:57,10/29/2023 03:22:54,117.296,10
Svalbard,10/29/2023 03:21:26,10/29/2023 03:22:25,58.455,0
Svalbard,10/29/2023 05:00:30,10/29/2023 05:00:49,18.488,20
Fairbanks,10/29/2023 05:09:22,10/29/2023 05:11:26,123.979,-10
Fairbanks,10/29/2023 05:09:25,10/29/2023 05:11:24,119.877,-20
Fairbanks,10/29/2023 05:09:27,10/29/2023 05:11:18,111.125,0
Troll,10/29/2023 07:37:03,10/29/2023 07:37:29,25.873,-20
Troll,10/29/2023 14:04:56,10/29/2023 14:06:04,68.489,20
Fairbanks,10/29/2023 14:50:31,10/29/2023 14:52:35,124.336,10
Fairbanks,10/29/2023 14:50:38,10/29/2023 14:52:27,109.544,0
Fairbanks,10/29/2023 14:50:50,10/29/2023 14:52:35,105.112,20
Fairbanks,10/29/2023 14:50:55,10/29/2023 14:52:09,74.185,-10
Troll,10/29/2023 15:42:53,10/29/2023 15:43:24,30.366,-10
Svalbard,10/29/2023 18:18:07,10/29/2023 18:20:37,149.261,20
Svalbard,10/29/2023 18:18:28,10/29/2023 18:20:17,109.316,10
Svalbard,10/29/2023 19:56:39,10/29/2023 19:58:38,118.112,0
Svalbard,10/29/2023 19:56:40,10/29/2023 19:58:38,117.514,-10
Svalbard,10/29/2023 19:56:47,10/29/2023 19:58:29,102.047,10
Svalbard,10/29/2023 19:56:49,10/29/2023 19:58:29,99.41,-20
Svalbard,10/29/2023 21:34:19,10/29/2023 21:36:44,145.05,-20
Svalbard,10/29/2023 21:34:33,10/29/2023 21:36:30,117.537,-10
Svalbard,10/29/2023 23:11:59,10/29/2023 23:14:27,148.054,-20
Svalbard,10/29/2023 23:13:46,10/29/2023 23:14:06,19.872,-10
Svalbard,10/30/2023 00:49:48,10/30/2023 00:52:06,137.95,-20
Svalbard,10/30/2023 00:49:55,10/30/2023 00:51:59,123.867,-10
Svalbard,10/30/2023 00:51:35,10/30/2023 00:51:43,7.152,0
Svalbard,10/30/2023 02:27:57,10/30/2023 02:29:59,121.545,10
Svalbard,10/30/2023 02:28:00,10/30/2023 02:29:55,115.763,0
Svalbard,10/30/2023 02:28:11,10/30/2023 02:29:43,92.4,-10
Svalbard,10/30/2023 02:28:13,10/30/2023 02:29:53,100.739,20
Svalbard,10/30/2023 02:28:40,10/30/2023 02:29:14,34.219,-20
Svalbard,10/30/2023 04:06:14,10/30/2023 04:08:36,142,20
Svalbard,10/30/2023 04:07:12,10/30/2023 04:07:36,23.433,10
Fairbanks,10/30/2023 04:16:13,10/30/2023 04:18:43,149.617,20
Fairbanks,10/30/2023 04:16:40,10/30/2023 04:18:19,99.289,10
Fairbanks,10/30/2023 05:54:19,10/30/2023 05:55:09,49.814,-20
Troll,10/30/2023 08:21:41,10/30/2023 08:22:32,51.219,0
Troll,10/30/2023 09:59:05,10/30/2023 09:59:59,54.418,20
Punta Arenas,10/30/2023 11:45:39,10/30/2023 11:46:36,56.609,0
Fairbanks,10/30/2023 13:57:32,10/30/2023 14:00:00,147.4,-20
Fairbanks,10/30/2023 13:59:19,10/30/2023 13:59:40,20.835,-10
Troll,10/30/2023 14:50:08,10/30/2023 14:50:58,49.972,10
Fairbanks,10/30/2023 15:35:54,10/30/2023 15:38:02,128.317,20
Svalbard,10/30/2023 17:25:10,10/30/2023 17:27:17,126.676,20
Svalbard,10/30/2023 19:03:42,10/30/2023 19:05:49,126.931,20
Svalbard,10/30/2023 19:03:43,10/30/2023 19:05:49,125.77,10
Svalbard,10/30/2023 19:03:52,10/30/2023 19:05:40,107.171,0
Svalbard,10/30/2023 19:04:14,10/30/2023 19:05:19,65.457,-10
Svalbard,10/30/2023 20:41:45,10/30/2023 20:43:56,131.43,-20
Svalbard,10/30/2023 20:41:48,10/30/2023 20:43:53,125.375,-10
Svalbard,10/30/2023 20:41:59,10/30/2023 20:43:41,101.345,0
Punta Arenas,10/30/2023 21:19:47,10/30/2023 21:20:45,58.602,20
Punta Arenas,10/30/2023 21:20:39,10/30/2023 21:21:26,46.992,10
Svalbard,10/30/2023 22:19:22,10/30/2023 22:21:50,147.87,-20
Svalbard,10/30/2023 22:20:42,10/30/2023 22:21:30,48.063,-10
Svalbard,10/30/2023 23:57:04,10/30/2023 23:59:31,146.717,-20
Svalbard,10/30/2023 23:57:37,10/30/2023 23:59:14,97.171,-10
Svalbard,10/31/2023 01:35:06,10/31/2023 01:37:09,122.947,-10
Svalbard,10/31/2023 01:35:09,10/31/2023 01:37:05,115.402,-20
Svalbard,10/31/2023 01:35:11,10/31/2023 01:37:04,113.558,0
Svalbard,10/31/2023 01:36:28,10/31/2023 01:36:51,22.876,10
Svalbard,10/31/2023 03:13:07,10/31/2023 03:15:31,143.747,20
Svalbard,10/31/2023 03:13:18,10/31/2023 03:15:19,121.277,10
Svalbard,10/31/2023 03:13:41,10/31/2023 03:14:56,75.08,0
Svalbard,10/31/2023 04:52:27,10/31/2023 04:53:34,66.943,20
Fairbanks,10/31/2023 05:01:50,10/31/2023 05:03:47,117.584,0
Fairbanks,10/31/2023 05:01:50,10/31/2023 05:03:48,118.459,-10
Fairbanks,10/31/2023 05:01:58,10/31/2023 05:03:25,87.811,10
Fairbanks,10/31/2023 05:01:59,10/31/2023 05:03:41,102.04,-20
Troll,10/31/2023 13:57:30,10/31/2023 13:58:40,70.472,20
Fairbanks,10/31/2023 14:42:58,10/31/2023 14:44:57,119.04,10
Fairbanks,10/31/2023 14:42:58,10/31/2023 14:44:55,116.707,0
Fairbanks,10/31/2023 14:43:07,10/31/2023 14:44:45,97.482,-10
Fairbanks,10/31/2023 14:43:45,10/31/2023 14:44:50,65.356,20
Fairbanks,10/31/2023 14:43:56,10/31/2023 14:44:21,25.658,-20
Troll,10/31/2023 15:35:32,10/31/2023 15:36:24,52.001,-10
Svalbard,10/31/2023 18:10:30,10/31/2023 18:13:00,149.999,20
Svalbard,10/31/2023 18:10:55,10/31/2023 18:12:36,101.263,10
Svalbard,10/31/2023 19:49:04,10/31/2023 19:51:03,119.039,0
Svalbard,10/31/2023 19:49:07,10/31/2023 19:51:01,114.125,-10
Svalbard,10/31/2023 19:49:09,10/31/2023 19:50:57,107.543,10
Svalbard,10/31/2023 19:49:18,10/31/2023 19:50:49,90.943,-20
Svalbard,10/31/2023 21:26:46,10/31/2023 21:29:10,144.122,-20
Svalbard,10/31/2023 21:26:58,10/31/2023 21:28:57,119.246,-10
Punta Arenas,10/31/2023 22:05:10,10/31/2023 22:05:23,12.782,-20
Svalbard,10/31/2023 23:04:26,10/31/2023 23:06:54,148.183,-20
Svalbard,10/31/2023 23:06:01,10/31/2023 23:06:33,32.025,-10
